"Family","Genus","SubGenus","Species","SubSpecies","Sociality","NestLoc","Excavate","Lecty","Wood","FireKill","Notes","Reference","GenusSpecies","PolSpec","PolSpec.2013","PolSpec.2014","YoseSpec"
"Andrenidae","Andrena","Andrena","birtwelli","","solitary","below","ex",NA,"no","no","","","Andrena birtwelli",0.219146790672622,0.24380683884102,0.142935640538372,0.333985278048126
"Andrenidae","Andrena","Andrena","ceanothifloris","cretata","solitary","below","ex",NA,"no","no","","","Andrena ceanothifloris cretata",0.493357990446825,0.534632774402393,0.436951551045378,0.344184461043876
"Andrenidae","Andrena","Andrena","cerasifolii","","solitary","below","ex","polylectic","no","no","","","Andrena cerasifolii",0.187082678915766,NA,0.142935640538372,0.650521525424952
"Andrenidae","Andrena","Andrena","chapmanae","","solitary","below","ex",NA,"no","no","","","Andrena chapmanae",0.42738117624433,NA,0.578010102584656,0.406388099741562
"Andrenidae","Andrena","Andrena","edwardsi","","solitary","below","ex",NA,"no","no","","","Andrena edwardsi",0.51610636331344,0.563390594049735,0.461691548617538,0.441743213150232
"Andrenidae","Andrena","Andrena","nigrocaerulea","","solitary","below","ex","polylectic","no","no","","","Andrena nigrocaerulea",0.229928247421552,0.209078429833801,NA,0.378695980676799
"Andrenidae","Andrena","Andrena","scutellinitens","","solitary","below","ex",NA,"no","no","","","Andrena scutellinitens",0.240879994349498,0.21342762249976,NA,0.298299236410987
"Andrenidae","Andrena","Dactylandrena","porterae","","solitary","below","ex",NA,"no","no","","","Andrena porterae",0.661724281441164,NA,0.611153491549548,0.449179638546406
"Andrenidae","Andrena","Diandrena","nothocalaidis","","solitary","below","ex",NA,"no","no","","","Andrena nothocalaidis",NA,NA,NA,0.740843885851672
"Andrenidae","Andrena","Euandrena","hamulata","","solitary","below","ex",NA,"no","no","","","Andrena hamulata",0.647722141126186,NA,0.628946131989521,0.938223489504119
"Andrenidae","Andrena","Euandrena","segregans","","solitary","below","ex",NA,"no","no","","","Andrena segregans",NA,NA,NA,NA
"Andrenidae","Andrena","Micrandrena","candidiformis","","solitary","below","ex",NA,"no","no","","","Andrena candidiformis",0.187082678915766,0.277645992340577,NA,0.515803085705714
"Andrenidae","Andrena","Onagrandrena","vanduzeei","","solitary","below","ex",NA,"no","no","","","Andrena vanduzeei",0.300106785136084,0.331781926032549,0.37698818379576,0.449179638546406
"Andrenidae","Andrena","Thysandrena","knuthiana","","solitary","below","ex","polylectic","no","no","","","Andrena knuthiana",0.187082678915766,NA,0.142935640538372,0.0571940375758794
"Andrenidae","Andrena","Thysandrena","medionitens","","solitary","below","ex",NA,"no","no","","","Andrena medionitens",0.185958800695236,0.264494732833261,0.142935640538372,0.497668628257622
"Andrenidae","Andrena","Thysandrena","w-scripta","","solitary","below","ex","polylectic","no","no","","","Andrena w-scripta",0.0238149606361634,0.0114959019268871,NA,0.449179638546406
"Andrenidae","Andrena","Trachandrena","cleodora","","solitary","below","ex",NA,"no","no","","","Andrena cleodora",0.669970048269395,0.778371980519143,0.558742068447946,0.242589709327927
"Andrenidae","Andrena","Trachandrena","quintiliformis","","solitary","below","ex",NA,"no","no","","","Andrena quintiliformis",0.270696664092008,0.287943340167141,0.142935640538372,0.319972965349586
"Andrenidae","Andrena","","sp.","a","solitary","below","ex",NA,"no","no","","","Andrena sp. a",NA,NA,NA,0.449179638546406
"Andrenidae","Andrena","","sp.","b","solitary","below","ex",NA,"no","no","","","Andrena sp. b",NA,NA,NA,0.449179638546406
"Andrenidae","Calliopsis","Nomadopsis","edwardsii","","solitary","below","ex",NA,"no","no","","","Calliopsis edwardsii",0.483407380387033,0.533328241740206,0.507424169126069,0.51900334507842
"Andrenidae","Perdita","","sp.","a.","solitary","below","ex",NA,"no","no","","","Perdita sp. a.",0.460737402565453,0.398266864747773,0.630263369017619,0.521060008378788
"Apidae","Anthophora","Clisodon","terminalis","","solitary","above","ex","polylectic","yes","yes","","","Anthophora terminalis",0.6228041285682,0.713571898782761,0.439963941196193,0.357043609951978
"Apidae","Anthophora","Heliophila","exigua","","solitary","below","ex","polylectic","no","no","","","Anthophora exigua",0.397454687451437,0.389258602850892,0.499784962675306,0.336302517459334
"Apidae","Anthophora","Heliophila","flexipes","","solitary","below","ex","polylectic","no","no","","","Anthophora flexipes",0.315236513641465,0.310481662951883,0.345248198603948,0.336302517459334
"Apidae","Anthophora","Mystacanthophora","urbana","","solitary","below","ex","polylectic","no","no","","","Anthophora urbana",0.18222522714098,0.211884934308403,0.199673071980146,0.244168980115169
"Apidae","Apis","Apis","mellifera","","social","mix","rent","polylectic","yes","yes","","","Apis mellifera",0.239599056106398,0.215427849550158,0.369294629184394,0.411219204784791
"Apidae","Bombus","Bombus","bifarius","","social","mix","rent","polylectic","yes","yes","","","Bombus bifarius",0.199020521763419,0.202632974111278,0.160284029314988,0.427109333266368
"Apidae","Bombus","Bombus","melanopygus","","social","mix","rent","polylectic","yes","yes","","","Bombus melanopygus",0.297093957281221,0.126323670811442,0.310365462357348,0.271791900626408
"Apidae","Bombus","Bombus","mixtus","","social","mix","rent",NA,"yes","yes","","","Bombus mixtus",0.464574184340684,0.382554081245519,0.682756563673074,0.359959928885588
"Apidae","Bombus","Bombus","vandykei","","social","mix","rent","polylectic","yes","yes","","","Bombus vandykei",0.527328525596108,0.49863333215052,0.727458199141768,0.343185641624142
"Apidae","Bombus","Bombus","vosnesenskii","","social","below","rent","polylectic","no","yes","check with Robbin","","Bombus vosnesenskii",0.265404985241892,0.231748700062923,0.4669784206732,0.317291036538538
"Apidae","Bombus","Psithyrus","fernaldae","","parasite","mix","rent",NA,"yes","yes","","","Bombus fernaldae",0.282967110231222,0.274257423391365,NA,0.315218516873092
"Apidae","Bombus","Psithyrus","insularis","","parasite","mix","rent",NA,"yes","yes","","","Bombus insularis",0.240077810703872,0.245913775229502,0.178043491367409,0.392024790829095
"Apidae","Bombus","Pyrobombus","flavifrons","","social","mix","rent",NA,"yes","yes","","","Bombus flavifrons",0.59933141233768,NA,0.662682244958893,0.584665493391952
"Apidae","Ceratina","Zadontomerus","nanula","","solitary","above","ex","polylectic","no","no","","","Ceratina nanula",NA,NA,NA,0.2932002083257
"Apidae","Epeolus","","sp.","a","parasite","below","rent",NA,"no","no","","","Epeolus sp. a",0.0714684839805045,0.0559529677383328,NA,0.466960534490529
"Apidae","Melissodes","Eumelissodes","micheneri","","solitary","below","ex",NA,"no","no","","","Melissodes micheneri",0.179801361391281,0.136558107922724,NA,0.466075418259602
"Apidae","Melissodes","Eumelissodes","microsticta","","solitary","below","ex",NA,"no","no","","","Melissodes microsticta",0.275911543725247,0.209369112649672,0.81447306599476,0.47173738019176
"Apidae","Nomada","","sp.","a","parasite","below","rent",NA,"no","no","","","Nomada sp. a",0.264564997855247,0.379373941682926,NA,0.262875398985021
"Apidae","Nomada","","sp.","b","parasite","below","rent",NA,"no","no","","","Nomada sp. b",0.11123123021735,0.153780471875182,NA,0.262875398985021
"Apidae","Nomada","","sp.","c","parasite","below","rent",NA,"no","no","","","Nomada sp. c",NA,NA,NA,0.262875398985021
"Apidae","Triepeolus","","sp.","a","parasite","below","rent",NA,"no","no","","","Triepeolus sp. a",0.282661329664205,0.318433734293306,NA,0.194218526284883
"Apidae","Xeromelecta","Melectomorpha","californica","","parasite","below","rent","parasite","no","no","","","Xeromelecta californica",0.141474809300207,0.12164939407013,NA,0.285525462711638
"Apidae","Xylocopa","Notoxylocopa","tabaniformis","orpifex","solitary","above","ex","polylectic","yes","yes","","","Xylocopa tabaniformis orpifex",0.136505952950409,0.178727164942296,0.222306983099095,0.371886485750174
"Apidae","Xylocopa","Xylocopoides","californica","","solitary","above","ex","polylectic","yes","yes","","","Xylocopa californica",0.287765923535253,0.313087444057797,0.28872860853431,0.399169103483816
"Colletidae","Colletes","hyalinus","lutzi","monticola","solitary","below","ex",NA,"no","no","","","Colletes lutzi monticola",0.247888567632049,0.24362439258003,0.230725872321378,0.180071897986077
"Colletidae","Colletes","simulans","fulgidus","","solitary","below","ex",NA,"no","no","","","Colletes fulgidus",0.210380326259712,0.192717023344937,NA,0.20675223561617
"Colletidae","Colletes","simulans","slevini","","solitary","below","ex",NA,"no","no","","","Colletes slevini",0.182520917777969,0.165103448830822,0.19870483980711,0.340543813022393
"Colletidae","Hylaeus","Cephalylaeus","basalis","","solitary","above","rent",NA,"yes","yes","","","Hylaeus basalis",0.203068931807293,0.179870160569025,0.272896561912923,0.358888768852982
"Halictidae","Agapostemon","Agapostemon","texanus","","solitary","below","ex","polylectic","no","no","","","Agapostemon texanus",NA,NA,NA,0.239882634831733
"Halictidae","Dufourea","","spilura","","solitary","below","ex","oligolectic","no","no","","","Dufourea spilura",0.641513925931232,0.613164221037464,0.756956595012716,0.099595858320499
"Halictidae","Dufourea","","spinifera","aff.","solitary","below","ex","oligolectic","no","no","","","Dufourea spinifera aff.",NA,NA,NA,0.472414068238485
"Halictidae","Dufourea","","versatilis","rubriventris","solitary","below","ex","oligolectic","no","no","","","Dufourea versatilis rubriventris",0.602479169232854,0.471979295312431,1,0.655056803728666
"Halictidae","Halictus","Halictus","farinosus","","solitary","below","ex","polylectic","no","no","","","Halictus farinosus",0.110190120458718,0.0847456575456239,NA,0.480583816610687
"Halictidae","Halictus","Seladonia","tripartitus","","solitary","below","ex","polylectic","no","no","","","Halictus tripartitus",NA,NA,NA,0.336376059499005
"Halictidae","Lasioglossum","Dialictus","cyaneonotum","","solitary","below","ex",NA,"no","no","","","Lasioglossum cyaneonotum",0.169637904495769,0.14901447746235,0.353811277513575,0.148888919596943
"Halictidae","Lasioglossum","Dialictus","diatretum","cf.","solitary","below","ex",NA,"no","no","","","Lasioglossum diatretum cf.",0.235472727235083,NA,0.502761127101049,0.399639847154346
"Halictidae","Lasioglossum","Dialictus","hairy","","solitary","below","ex",NA,"no","no","","","Lasioglossum hairy",NA,NA,NA,0.399639847154346
"Halictidae","Lasioglossum","Dialictus","knereri","cf.","solitary","below","ex",NA,"no","no","","","Lasioglossum knereri cf.",NA,NA,NA,0.588860228138871
"Halictidae","Lasioglossum","Dialictus","marinense","cf.","solitary","below","ex",NA,"no","no","","","Lasioglossum marinense cf.",0.170179025544372,0.204269962737579,0.206738074073615,0.399639847154346
"Halictidae","Lasioglossum","Dialictus","nevadense","","solitary","below","ex",NA,"no","no","","","Lasioglossum nevadense",NA,NA,NA,0.531264476722488
"Halictidae","Lasioglossum","Dialictus","prasinogaster","aff.","solitary","below","ex",NA,"no","no","","","Lasioglossum prasinogaster aff.",0.139206442815156,0.15337152521635,0.134998301619646,0.399639847154346
"Halictidae","Lasioglossum","Dialictus","punctatoventre","cf.","solitary","below","ex",NA,"no","no","","","Lasioglossum punctatoventre cf.",0.0942305840503399,NA,0.227450748042521,0.675934502153536
"Halictidae","Lasioglossum","Dialictus","sp.","kn","solitary","below","ex",NA,"no","no","","","Lasioglossum sp. kn",0.235944906272032,0.233201902692532,0.321161801768216,0.399639847154346
"Halictidae","Lasioglossum","Hemihalictus","glabriventre","","solitary","below","ex",NA,"no","no","","","Lasioglossum glabriventre",0.402505515281989,0.276887669908013,0.433315516181501,0.399639847154346
"Halictidae","Lasioglossum","Lasioglossum","anhypops","","solitary","below","ex",NA,"no","no","","","Lasioglossum anhypops",0.539168335138775,NA,0.508603985201252,0.262246528976039
"Halictidae","Lasioglossum","Lasioglossum","mellipes","","solitary","below","ex","polylectic","no","no","","","Lasioglossum mellipes",0.492164118315035,NA,0.426773100910859,0.303198416311093
"Halictidae","Lasioglossum","Lasioglossum","sisymbrii","","solitary","below","ex","polylectic","no","no","","","Lasioglossum sisymbrii",0,0,NA,0.399639847154346
"Halictidae","Sphecodes","","sp.","b","parasite","below","rent",NA,"no","no","","","Sphecodes sp. b",0.0725435616416354,0.0537432041275673,0.399594532144477,NA
"Halictidae","Sphecodes","","sp.","a","parasite","below","rent",NA,"no","no","","","Sphecodes sp. a",0.382283233974193,NA,0.289937188800435,NA
"Megachilidae","Anthidiellum","Loyalanthidium","notatum","robertsoni","solitary","above","rent",NA,"no","no","","","Anthidiellum notatum robertsoni",0.178987381415013,0.0537432041275673,0.244805238782192,0.183939467585246
"Megachilidae","Anthidium","Anthidium","atrifrons","","solitary","above","rent","polylectic","yes","yes","","","Anthidium atrifrons",0.0227398829750326,0.0286976312988923,NA,0.338749315093585
"Megachilidae","Anthidium","Anthidium","banningense","","solitary","below","ex","polylectic","no","yes","","","Anthidium banningense",0,NA,0,0.338749315093585
"Megachilidae","Anthidium","Anthidium","maculosum","","solitary","above","rent","polylectic","yes","yes","","","Anthidium maculosum",0.147175896214928,0.135719380196365,NA,0.412279197029359
"Megachilidae","Anthidium","Anthidium","mormonum","","solitary","above","rent","polylectic","yes","tes","","","Anthidium mormonum",0.249052904862204,0.2883363556186,0.22255836783775,0.336865691433901
"Megachilidae","Anthidium","Anthidium","placitum","","solitary","below","ex","polylectic","no","yes","never recorded in trap nests","","Anthidium placitum",0.115106107469985,0.125062205995837,0.227450748042521,0.298738131463938
"Megachilidae","Ashmeadiella","Arogochila","timberlakei","","solitary","above","rent",NA,"yes","yes","","","Ashmeadiella timberlakei",0.257292023543595,0.274922775419837,0.239972596766024,0.432588472149873
"Megachilidae","Ashmeadiella","Ashmeadiella","aridula","","solitary","above","rent",NA,"yes","yes","","","Ashmeadiella aridula",NA,NA,NA,NA
"Megachilidae","Ashmeadiella","Ashmeadiella","bucconis","","solitary","above","rent",NA,"yes","yes","","","Ashmeadiella bucconis",0.395828782753254,0.360992411434772,0.479600047481848,0.45868169809981
"Megachilidae","Ashmeadiella","Ashmeadiella","cactorum","","solitary","above","rent",NA,"yes","yes","","","Ashmeadiella cactorum",0.452068530253268,0.341989108066069,0.727432153006198,0.323063784024986
"Megachilidae","Ashmeadiella","Ashmeadiella","californica","","solitary","above","rent",NA,"yes","yes","","","Ashmeadiella californica",0.545717255037921,0.45349366589215,0.623941284295528,0.3967619135666
"Megachilidae","Ashmeadiella","Ashmeadiella","cubiceps","cubiceps","solitary","above","rent",NA,"yes","yes","","","Ashmeadiella cubiceps cubiceps",0.406030171497995,0.367260160606649,NA,0.459607311212751
"Megachilidae","Atoposmia","Atoposmia","triodonta","shastensis","solitary","above","rent","polylectic","no","no","under slabs of rocks","","Atoposmia triodonta shastensis",NA,NA,NA,0.66951069105197
"Megachilidae","Atoposmia","Hexosmia","copelandica","albomarginata","solitary","above","rent","polylectic","yes","yes","","","Atoposmia copelandica albomarginata",0.248448440560016,0.37410109205571,0.242246376875055,0.486276837105121
"Megachilidae","Chelostoma","Chelostoma","minutum","","solitary","above","rent",NA,"yes","yes","","","Chelostoma minutum",0.256455520133234,0.381304574978495,0.229447559014883,0.379683678036407
"Megachilidae","Chelostoma","Chelostoma","phaceliae","","solitary","above","rent","oligolectic","yes","yes","","","Chelostoma phaceliae",0.203098563601631,0.244203026937398,NA,0.698114879370685
"Megachilidae","Coelioxys","Boreocoelioxys","moesta","","parasite","above","rent",NA,"yes","yes","","","Coelioxys moesta",0.138984406224604,0.119416334766724,NA,0.0282130279851902
"Megachilidae","Coelioxys","Boreocoelioxys","rufitarsis","","parasite","above","rent",NA,"yes","yes","","","Coelioxys rufitarsis",0.301643990259734,0.246602850799963,NA,0.250077782855313
"Megachilidae","Coelioxys","Coelioxys","sodalis","","parasite","above","rent",NA,"yes","yes","","","Coelioxys sodalis",0,0,NA,0.374039912234897
"Megachilidae","Coelioxys","Cyrtocoelioxys","gilensis","aff.","parasite","above","rent",NA,"yes","yes","","","Coelioxys gilensis aff.",0.201917548631103,0.221325088088617,0.21279574217483,0.250077782855313
"Megachilidae","Coelioxys","Synocoelioxys","apacheorum","","parasite","above","rent",NA,"yes","yes","","","Coelioxys apacheorum",0.148871634175695,0.132028813361451,0.399594532144477,0.346136771256281
"Megachilidae","Coelioxys","Xerocoelioxys","grindeliae","","parasite","above","rent",NA,"yes","yes","","","Coelioxys grindeliae",0.0942305840503399,NA,0.227450748042521,0.250077782855313
"Megachilidae","Dianthidium","Dianthidium","plenum","","solitary","above","create",NA,"no","yes","?","","Dianthidium plenum",NA,NA,NA,0.226577576910094
"Megachilidae","Dianthidium","Dianthidium","pudicum","","solitary","above","create",NA,"yes","yes","crotches of branches; on/under rocks","Gregoric and Stangy 1968; Clement and Russ 1974; Hicks 1927","Dianthidium pudicum",0.293433130157262,0.269461953795767,0.353442422751975,0.333957502758782
"Megachilidae","Dianthidium","Dianthidium","singulare","","solitary","above","create",NA,"no","yes","","Mitchner 1935; Timberlake 1943","Dianthidium singulare",0.362222462662206,0.414505507228938,NA,0.321646641086261
"Megachilidae","Dianthidium","Dianthidium","ulkei","","solitary","above","rent","oligolectic","yes","yes","","","Dianthidium ulkei",0.231623976651883,0.16797360313182,0.43388326450961,0.356398270104877
"Megachilidae","Heriades","Neotrypetes","cressoni","","solitary","above","rent",NA,"yes","yes","","","Heriades cressoni",0.299306881181383,0.337572019327448,0.40085030628397,0.518837089748041
"Megachilidae","Hoplitis","Alcidamea","producta","","solitary","above","rent",NA,"yes","yes","","","Hoplitis producta",0.192098501230236,0.195035920571421,0.229299736120102,0.358263371943615
"Megachilidae","Hoplitis","Alcidamea","uvulalis","","solitary","above","rent",NA,"yes","yes","","","Hoplitis uvulalis",0.69450658572701,0.743506143024122,NA,0.600271720163259
"Megachilidae","Hoplitis","Monumetha","albifrons","maura","solitary","above","rent",NA,"yes","yes","","","Hoplitis albifrons maura",0.363494285581165,0.443460814666699,0.171877115087886,0.385299212530369
"Megachilidae","Hoplitis","Monumetha","albifrons","albifrons","solitary","above","rent",NA,"yes","yes","","","Hoplitis albifrons albifrons",0.236029125785926,0.248179534701023,0.264426488655352,0.385299212530369
"Megachilidae","Hoplitis","Monumetha","fulgida","platyura","solitary","above","rent",NA,"yes","yes","","","Hoplitis fulgida platyura",0.184797618622229,0.245324640907091,0.161498881470494,0.274945406724863
"Megachilidae","Megachile","Chelostomoides","angelarum","","solitary","above","rent","polylectic","yes","yes","","","Megachile angelarum",0.202772999000002,0.232446126361547,0.214629551015099,0.399113408201465
"Megachilidae","Megachile","Litomegachile","gentilis","","solitary","above","rent","polylectic","yes","yes","","","Megachile gentilis",0.113362817776434,0.0537432041275673,0.27545341172625,0.275928980709097
"Megachilidae","Megachile","Litomegachile","texana","","solitary","below","rent","polylectic","yes","yes","","","Megachile texana",0.245956542955847,0.321864929020701,NA,0.318599326304171
"Megachilidae","Megachile","Megachile","montivaga","","solitary","above","rent","polylectic","yes","yes","","","Megachile montivaga",0.138984406224604,0.119416334766724,NA,0.36544993125587
"Megachilidae","Megachile","Megachile","relativa","","solitary","above","rent",NA,"yes","yes","","","Megachile relativa",0.385845046136766,0.345936474586767,0.430994891768114,0.461242690695904
"Megachilidae","Megachile","Megachiloides","wheeleri","","solitary","ground","ex",NA,"no","yes","","Gordon 2000","Megachile wheeleri",0.437181605167945,0.434963230105417,0.505318159671351,0.379207313299593
"Megachilidae","Megachile","Sayapis","fidelis","","solitary","above","rent","polylectic","yes","yes","","","Megachile fidelis",0.170077250576564,0.144142191292289,0.311115838155529,0.332677212392229
"Megachilidae","Megachile","Sayapis","pugnata","pomona","solitary","above","rent",NA,"yes","yes","","","Megachile pugnata pomona",0.377255973180043,0.380335742624371,0.406224837209234,0.440290488448699
"Megachilidae","Megachile","Xanthosarus","frigida","","solitary","mix","ex",NA,"no","yes","","Stephen 1956; Pengelly 1955","Megachile frigida",0.386316645912743,0.851886712245315,0.189567571810319,0.215151343142345
"Megachilidae","Megachile","Xanthosarus","gemula","cressonii","solitary","above","rent",NA,"yes","yes","","Fye 1965; Medler & Lussenhop 1968","Megachile gemula cressonii",0.139559739431491,0.21011116196854,NA,0.289519194749744
"Megachilidae","Megachile","Xanthosarus","melanophaea","","solitary","below","rent",NA,"yes","yes","","Graenicher 1905; Pengelly 1955","Megachile melanophaea",0.173648321287316,0.233640345979774,0.043119727388982,0.407801082391348
"Megachilidae","Megachile","Xanthosarus","perihirta","","solitary","below","ex",NA,"no","yes","","Hicks 1926 & 1936; Hobbs 1957","Megachile perihirta",0.22694633565145,0.27005805282664,0.179476063629262,0.216534468444419
"Megachilidae","Osmia","Cephalosmia","montana","quadriceps","solitary","above","rent",NA,"yes","yes","","Cane 2007","Osmia montana quadriceps",0.558677016736627,0.598954768178293,0.546148658313996,0.517881401222183
"Megachilidae","Osmia","Cephalosmia","subaustralis","","solitary","above","rent",NA,"yes","yes","Wood","Cane 2007","Osmia subaustralis",0.425279700973324,NA,0.339361445851889,0.412326604139804
"Megachilidae","Osmia","Helicosmia","coloradensis","","solitary","above","rent","oligolectic","yes","yes","","Cane 2007","Osmia coloradensis",0.527975234706991,0.491444570028884,0.625311653226051,0.465953051754238
"Megachilidae","Osmia","Helicosmia","texana","","solitary","mix","rent","oligolectic","yes","yes","Nests, wood, stem","Cane 2007","Osmia texana",0.461781476784579,NA,0.485859643836896,0.474586901065371
"Megachilidae","Osmia","Melanosmia","aglaia","","solitary","above","rent","polylectic","yes","yes","","Cane 2007; Cane 2005b","Osmia aglaia",0.121562239954343,0.152778347475079,NA,0.259999709049525
"Megachilidae","Osmia","Melanosmia","albolateralis","","solitary","above","rent",NA,"yes","yes","Stem","Cane 2007","Osmia albolateralis",0.505985863350568,0.398056266371489,0.519973530448113,0.358789522529668
"Megachilidae","Osmia","Melanosmia","atrocyanea","","solitary","above","rent","polylectic","yes","yes","","","Osmia atrocyanea",0.0698309720035496,NA,0.195793148833415,0.329753770681425
"Megachilidae","Osmia","Melanosmia","bakeri","","solitary","above","rent","oligolectic","yes","yes","Wood; stem","Cane 2007","Osmia bakeri",0.639392372071748,0.570034003782353,0.72499135699133,0.478381306186107
"Megachilidae","Osmia","Melanosmia","brevis","","solitary","above","rent",NA,"yes","yes","","","Osmia brevis",0.125753502882271,0.0281584765250949,0.190116180900766,0.452819142596477
"Megachilidae","Osmia","Melanosmia","bruneri","","solitary","above","rent",NA,"yes","yes","Wood, stem, nests","Cane 2007","Osmia bruneri",0.22980474473515,0.292187983906413,0.188967795575942,0.408193509109936
"Megachilidae","Osmia","Melanosmia","californica","","solitary","above","rent",NA,"yes","yes","","","Osmia californica",0.429199939102012,0.473826519572569,0.337286478581493,0.479525440327601
"Megachilidae","Osmia","Melanosmia","calla","","solitary","above","rent",NA,"yes","yes","","","Osmia calla",0.212938796480828,0.220133203763726,0.135490732059987,0.330650695668646
"Megachilidae","Osmia","Melanosmia","cara","","solitary","above","rent","polylectic","yes","yes","","","Osmia cara",0.69450658572701,0.689883035807919,NA,0.413722615824804
"Megachilidae","Osmia","Melanosmia","cobaltina","","solitary","above","rent",NA,"yes","yes","Stem","Cane 2007","Osmia cobaltina",NA,NA,NA,0.3230486285684
"Megachilidae","Osmia","Melanosmia","cyanella","","solitary","above","rent","polylectic","yes","yes","Wood, stem","Cane 2007","Osmia cyanella",0.0422027111122967,0.0281584765250949,0.0569932195823067,0.277627333550042
"Megachilidae","Osmia","Melanosmia","cyanopoda","","solitary","above","rent",NA,"yes","yes","","","Osmia cyanopoda",NA,NA,NA,0.361579132607391
"Megachilidae","Osmia","Melanosmia","densa","","solitary","above","rent",NA,"yes","yes","Wood","Cane 2007","Osmia densa",0.244406054284921,0.243558083684235,0.13730797069046,0.353755625789152
"Megachilidae","Osmia","Melanosmia","ednae","","solitary","above","rent",NA,"yes","yes","","","Osmia ednae",0.430759436865849,0.420088138105318,0.429946707033636,0.453148494077553
"Megachilidae","Osmia","Melanosmia","exigua","","solitary","above","rent",NA,"yes","yes","","","Osmia exigua",0.128350619033083,0.152778347475079,0.353442422751975,0.324777717053881
"Megachilidae","Osmia","Melanosmia","giffardi","","solitary","below","ex",NA,"yes","yes","","","Osmia giffardi",0.267031323972886,0.0281584765250949,0.376740977883729,0.308963541405106
"Megachilidae","Osmia","Melanosmia","grindeliae","","solitary","above","rent",NA,"yes","yes","","","Osmia grindeliae",0.317990548428139,0.324974829226008,NA,0.260801729592171
"Megachilidae","Osmia","Melanosmia","juxta","","solitary","above","rent",NA,"yes","yes","","","Osmia juxta",0.394795786415241,0.284357928398487,0.371743448138588,0.522512122924481
"Megachilidae","Osmia","Melanosmia","kincadii","","solitary","above","rent",NA,"yes","yes","Wood, stem","Cane 2007","Osmia kincadii",NA,NA,NA,NA
"Megachilidae","Osmia","Melanosmia","laeta","","solitary","above","rent","polylectic","yes","yes","Stem","Cane 2007","Osmia laeta",0.234991791450005,0.134135897679623,0.303965597710693,0.361395728049118
"Megachilidae","Osmia","Melanosmia","malina","","solitary","above","rent",NA,"yes","yes","","","Osmia malina",0.255068485119986,0.25282739961818,NA,0.36910240616093
"Megachilidae","Osmia","Melanosmia","nifoata","","solitary","below","ex",NA,"no","yes","Soil, Shallow subterranean","Cane 2007","Osmia nifoata",0.142715654518171,0.0508265732943262,0.353442422751975,0.343937242781868
"Megachilidae","Osmia","Melanosmia","paradisica","","solitary","above","rent",NA,"yes","yes","","","Osmia paradisica",0.487001686509009,0.480874626756179,NA,0.502230223684378
"Megachilidae","Osmia","Melanosmia","pentstemonis","","solitary","above","rent",NA,"yes","yes","","","Osmia pentstemonis",0,0,NA,0.404633702100293
"Megachilidae","Osmia","Melanosmia","phaceliae","","solitary","above","rent",NA,"yes","yes","","","Osmia phaceliae",0.288840173767712,0.268802676043571,0.44794214449134,0.377071281643004
"Megachilidae","Osmia","Melanosmia","pikei","","solitary","above","rent",NA,"yes","yes","Wood, stem","","Osmia pikei",0.661724281441164,NA,0.611153491549548,0.749181071988878
"Megachilidae","Osmia","Melanosmia","proxima","aff.","solitary","above","rent",NA,"yes","yes","Wood, stem","Cane 2007","Osmia proxima aff.",0.234374991958753,NA,0.239760186158625,0.377071281643004
"Megachilidae","Osmia","Melanosmia","pusilla","","solitary","above","rent","polylectic","yes","yes","Wood, stem","Cane 2007","Osmia pusilla",0.313257213301726,0.603983921401983,0.195793148833415,0.312553327642689
"Megachilidae","Osmia","Melanosmia","sp.","Y4","solitary","above","rent",NA,"yes","yes","","","Osmia sp. Y4",0.398990774542959,0.209078429833801,0.510646477424095,0.377071281643004
"Megachilidae","Osmia","Melanosmia","trevoris","","solitary","above","rent",NA,"yes","yes","","","Osmia trevoris",0.0238149606361634,0.0508265732943262,0,0.46410920500917
"Megachilidae","Osmia","Melanosmia","tristella","","solitary","above","rent",NA,"yes","yes","Wood, stem","Cane 2007","Osmia tristella",0.255976559426727,0.286106802724209,0.267029558876293,0.331708245379331
"Megachilidae","Osmia","Melanosmia","visenda","","solitary","above","rent",NA,"yes","yes","","","Osmia visenda",0.0698309720035496,0.0281584765250949,NA,0.33006567520391
"Megachilidae","Stelis","Dolichostelis","laticincta","","parasite","above","rent",NA,"yes","yes","","","Stelis laticincta",0.16008357673208,0.0537432041275673,0.280144654860837,0.239843920338108
"Megachilidae","Stelis","Stelis","calliphorina","","parasite","above","rent",NA,"yes","yes","","","Stelis calliphorina",0.376096659563743,0.526911219434882,0.0306988263233228,0.206176917386926
"Megachilidae","Stelis","Stelis","carnifex","","parasite","above","rent",NA,"yes","yes","","","Stelis carnifex",0.18885626436111,0.226173705361364,NA,0.247153210426221
"Megachilidae","Stelis","Stelis","holocyanea","","parasite","above","rent",NA,"yes","yes","","","Stelis holocyanea",0.30291595732174,0.24380683884102,NA,0.132810882185655
"Megachilidae","Stelis","Stelis","incisa","new sp.","parasite","above","rent",NA,"yes","yes","","","Stelis incisa new sp.",NA,NA,NA,NA
"Megachilidae","Stelis","Stelis","montana","","parasite","above","rent",NA,"yes","yes","","","Stelis montana",0.531859416385163,0.24380683884102,0.530802662496112,0.297865667078243
"Megachilidae","Stelis","Stelis","monticola","","parasite",NA,NA,NA,"yes","yes","","","Stelis monticola",NA,NA,NA,0.438163270563343
"Megachilidae","Stelis","Stelis","occidentalis","","parasite","above","rent",NA,"yes","yes","","","Stelis occidentalis",0.137943045207586,0.147110940195912,NA,0.463790590026513
"Megachilidae","Stelis","Stelis","sp.","b","parasite",NA,NA,NA,"yes","yes","","","Stelis sp. b",0.0662161008940463,NA,0.0306988263233228,0.318965498244409
"Colletidae","Hylaeus","","spp.","small","solitary","above","rent",NA,"yes","yes","","","Hylaeus spp. small",0.174529552860014,0.184820364919543,0.21212841855428,0.358888768852982
"Colletidae","Hylaeus","","spp.","big","solitary","above","rent",NA,"yes","yes","","","Hylaeus spp. big",0.201968734784085,0.198916925645847,0.238771988959848,0.358888768852982
