"Site","Date","BloomStatus","FlowerNum","PlantFK"
"L21","6/26/13","full bloom",2,2
"L21","7/13/13","full bloom",2,2
"L21","7/17/13","full bloom",2,2
"L21","7/30/13","finishing bloom",2,2
"L21","6/12/14","full bloom",3,2
"L21","6/22/14","full bloom",2,2
"L21","7/3/14","full bloom",3,2
"L21","7/13/14","full bloom",3,2
"L24","6/27/13","full bloom",3,2
"L24","7/13/13","full bloom",3,2
"L24","7/18/13","full bloom",3,2
"L24","7/31/13","finishing bloom",3,2
"L24","6/13/14","beginning to bloom to bloom",3,2
"L24","6/23/14","full bloom",3,2
"L24","7/2/14","full bloom",4,2
"L24","7/13/14","full bloom",5,2
"L35","6/27/13","full bloom",3,2
"L35","7/13/13","full bloom",3,2
"L35","7/18/13","full bloom",3,2
"L35","7/29/13","finishing bloom",2,2
"L35","6/12/14","full bloom",1,2
"L35","6/22/14","full bloom",1,2
"L35","7/3/14","finishing bloom",1,2
"L35","7/13/14","finishing bloom",2,2
"N134","7/8/13","full bloom",2,2
"N134","7/11/13","full bloom",2,2
"N134","7/22/13","full bloom",2,2
"N134","7/25/13","full bloom",2,2
"N134","6/17/14","not blooming",2,2
"N134","7/6/14","full bloom",1,2
"N134","7/9/14","full bloom",3,2
"N134","7/17/14","not blooming",0,2
"N135","6/18/14","beginning to bloom to bloom",1,2
"N135","7/6/14","beginning to bloom to bloom",3,2
"N135","7/19/14","not blooming",1,2
"N135","7/19/14","full bloom",1,2
"N137","7/9/13","full bloom",3,2
"N137","7/12/13","full bloom",3,2
"N137","7/24/13","finishing bloom",2,2
"N137","7/26/13","finishing bloom",2,2
"N137","7/7/14","full bloom",3,2
"N137","7/10/14","full bloom",2,2
"N137","7/19/14","full bloom",2,2
"P310","6/29/13","full bloom",2,2
"P310","7/13/13","full bloom",2,2
"P310","7/17/13","full bloom",2,2
"P310","7/31/13","full bloom",1,2
"P310","6/12/14","not blooming",0,2
"P310","6/24/14","not blooming",0,2
"P310","7/1/14","finishing bloom",1,2
"P310","7/13/14","finishing bloom",1,2
"P33","6/27/13","full bloom",2,2
"P33","7/13/13","full bloom",2,2
"P33","7/18/13","full bloom",2,2
"P33","7/29/13","full bloom",2,2
"P33","6/12/14","not blooming",0,2
"P33","6/22/14","not blooming",0,2
"P33","7/2/14","not blooming",0,2
"P33","7/13/14","not blooming",0,2
"P37","6/28/13","full bloom",2,2
"P37","7/13/13","finishing bloom",2,2
"P37","7/19/13","finishing bloom",2,2
"P37","7/30/13","finishing bloom",2,2
"P37","6/13/14","not blooming",0,2
"P37","6/24/14","full bloom",2,2
"P37","7/1/14","full bloom",1,2
"P37","7/13/14","",0,2
"W04","6/30/13","not blooming",0,2
"W04","7/14/13","full bloom",2,2
"W04","7/20/13","full bloom",2,2
"W04","8/1/13","full bloom",2,2
"W04","6/14/14","not blooming",0,2
"W04","6/25/14","not blooming",0,2
"W04","7/4/14","not blooming",0,2
"W04","7/14/14","not blooming",0,2
"N136","7/9/13","full bloom",3,3
"N136","7/12/13","full bloom",3,3
"N136","7/24/13","finishing bloom",3,3
"N136","7/26/13","finishing bloom",3,3
"N136","6/17/14","beginning to bloom to bloom",2,3
"N136","7/7/14","full bloom",3,3
"N136","7/10/14","full bloom",4,3
"N136","7/17/14","full bloom",3,3
"L21","6/12/14","not blooming",0,4
"L21","6/22/14","not blooming",0,4
"L21","7/3/14","finishing bloom",1,4
"L21","7/13/14","not blooming",0,4
"L24","6/13/14","full bloom",1,NA
"L24","6/23/14","not blooming",0,NA
"L24","7/2/14","not blooming",0,NA
"L24","7/13/14","not blooming",0,NA
"N132","6/14/14","full bloom",1,NA
"N132","6/25/14","not blooming",0,NA
"N132","7/4/14","not blooming",0,NA
"N132","7/14/14","not blooming",0,NA
"P37","6/28/13","not blooming",0,NA
"P37","7/13/13","not blooming",0,NA
"P37","7/19/13","not blooming",0,NA
"P37","7/30/13","not blooming",0,NA
"P37","6/13/14","not blooming",0,NA
"P37","6/24/14","not blooming",0,NA
"P37","7/1/14","not blooming",0,NA
"P37","7/13/14","not blooming",0,NA
"N131","6/30/13","full bloom",2,5
"N131","7/14/13","full bloom",3,5
"N131","7/20/13","full bloom",3,5
"N131","8/1/13","finishing bloom",3,5
"N131","6/14/14","not blooming",0,5
"N131","6/25/14","beginning to bloom to bloom",2,5
"N131","7/4/14","full bloom",3,5
"N131","7/14/14","full bloom",4,5
"N133","7/8/13","full bloom",5,5
"N133","7/11/13","full bloom",5,5
"N133","7/23/13","finishing bloom",4,5
"N133","7/25/13","finishing bloom",4,5
"N133","6/18/14","beginning to bloom to bloom",2,5
"N133","7/7/14","full bloom",4,5
"N133","7/10/14","full bloom",3,5
"N133","7/18/14","full bloom",2,5
"N135","7/8/13","beginning to bloom",2,5
"N135","7/11/13","beginning to bloom",2,5
"N135","7/22/13","finishing bloom",1,5
"N135","7/25/13","finishing bloom",1,5
"N135","6/18/14","not blooming",0,5
"N135","7/6/14","full bloom",5,5
"N135","7/9/14","finishing bloom",3,5
"N135","7/19/14","finishing bloom",2,5
"N137","7/9/13","full bloom",3,5
"N137","7/12/13","full bloom",3,5
"N137","7/24/13","finishing bloom",3,5
"N137","7/26/13","finishing bloom",2,5
"N137","6/19/14","not blooming",0,5
"N137","7/7/14","full bloom",2,5
"N137","7/10/14","full bloom",2,5
"N137","7/19/14","full bloom",3,5
"N139","7/9/13","beginning to bloom",1,5
"N139","7/12/13","full bloom",3,5
"N139","7/24/13","finishing bloom",2,5
"N139","7/26/13","finishing bloom",2,5
"N139","6/18/14","full bloom",1,5
"N139","7/6/14","full bloom",2,5
"N139","7/9/14","full bloom",2,5
"N139","7/18/14","full bloom",2,5
"P24","6/27/13","not blooming",0,5
"P24","7/13/13","not blooming",0,5
"P24","7/19/13","not blooming",0,5
"P24","7/29/13","not blooming",0,5
"P24","6/12/14","not blooming",0,5
"P24","6/23/14","not blooming",0,5
"P24","7/2/14","not blooming",0,5
"P24","7/13/14","not blooming",0,5
"P310","6/29/13","not blooming",0,5
"P310","7/13/13","finishing bloom",3,5
"P310","7/17/13","finishing bloom",3,5
"P310","7/31/13","finishing bloom",2,5
"P310","6/12/14","not blooming",0,5
"P310","6/24/14","beginning to bloom to bloom",1,5
"P310","7/1/14","beginning to bloom to bloom",3,5
"P310","7/13/14","beginning to bloom to bloom",2,5
"P33","6/12/14","full bloom",0,5
"P33","6/22/14","finishing bloom",0,5
"P33","7/2/14","finishing bloom",0,5
"P33","7/13/14","full bloom",2,5
"P43","6/12/14","not blooming",0,5
"P43","6/23/14","not blooming",0,5
"P43","7/2/14","not blooming",0,5
"P43","7/13/14","full bloom",2,5
"W04","6/30/13","not blooming",0,5
"W04","7/14/13","full bloom",2,5
"W04","7/20/13","finishing bloom",2,5
"W04","8/1/13","finishing bloom",2,5
"W04","6/14/14","not blooming",0,5
"W04","6/25/14","full bloom",2,5
"W04","7/4/14","full bloom",2,5
"W04","7/14/14","full bloom",4,5
"N134","7/8/13","full bloom",1,NA
"N134","7/11/13","full bloom",1,NA
"N134","7/22/13","not blooming",0,NA
"N134","7/25/13","not blooming",0,NA
"N134","6/17/14","beginning to bloom to bloom",3,NA
"N134","7/6/14","full bloom",2,NA
"N134","7/9/14","not blooming",0,NA
"N134","7/17/14","not blooming",0,NA
"N136","7/9/13","full bloom",1,NA
"N136","7/12/13","full bloom",1,NA
"N136","7/24/13","not blooming",0,NA
"N136","7/26/13","not blooming",0,NA
"N136","6/17/14","not blooming",0,NA
"N136","7/7/14","not blooming",0,NA
"N136","7/10/14","full bloom",1,NA
"N136","7/17/14","finishing bloom",1,NA
"L21","6/26/13","not blooming",0,NA
"L21","7/13/13","not blooming",0,NA
"L21","7/17/13","not blooming",0,NA
"L21","7/30/13","not blooming",0,NA
"L21","6/12/14","not blooming",0,NA
"L21","6/22/14","not blooming",0,NA
"L21","7/3/14","not blooming",0,NA
"L21","7/13/14","not blooming",0,NA
"P310","6/29/13","not blooming",0,NA
"P310","7/13/13","not blooming",0,NA
"P310","7/17/13","not blooming",0,NA
"P310","7/31/13","not blooming",0,NA
"P310","6/12/14","not blooming",0,NA
"P310","6/24/14","not blooming",0,NA
"P310","7/1/14","not blooming",0,NA
"P310","7/13/14","not blooming",0,NA
"N131","6/30/13","finishing bloom",1,NA
"N131","7/14/13","not blooming",0,NA
"N131","7/20/13","not blooming",0,NA
"N131","8/1/13","not blooming",0,NA
"N131","6/14/14","not blooming",0,NA
"N131","6/25/14","beginning to bloom to bloom",2,NA
"N131","7/4/14","not blooming",0,NA
"N131","7/14/14","not blooming",0,NA
"N133","7/8/13","finishing bloom",3,NA
"N133","7/11/13","not blooming",0,NA
"N133","7/23/13","not blooming",0,NA
"N133","7/25/13","not blooming",0,NA
"N133","6/18/14","not blooming",0,NA
"N133","7/7/14","not blooming",0,NA
"N133","7/10/14","not blooming",0,NA
"N133","7/18/14","not blooming",0,NA
"P24","6/27/13","not blooming",0,NA
"P24","7/13/13","not blooming",0,NA
"P24","7/19/13","not blooming",0,NA
"P24","7/29/13","not blooming",0,NA
"P24","6/12/14","not blooming",0,NA
"P24","6/23/14","not blooming",0,NA
"P24","7/2/14","not blooming",0,NA
"P24","7/13/14","not blooming",0,NA
"P43","6/28/13","not blooming",0,NA
"P43","7/13/13","not blooming",0,NA
"P43","7/17/13","not blooming",0,NA
"P43","7/30/13","not blooming",0,NA
"P43","6/13/14","not blooming",0,NA
"P43","6/24/14","not blooming",0,NA
"P43","7/3/14","not blooming",0,NA
"P43","7/13/14","not blooming",0,NA
"W04","6/30/13","not blooming",0,NA
"W04","7/14/13","not blooming",0,NA
"W04","7/20/13","not blooming",0,NA
"W04","8/1/13","not blooming",0,NA
"W04","6/14/14","not blooming",0,NA
"W04","6/25/14","not blooming",0,NA
"W04","7/4/14","not blooming",0,NA
"W04","7/14/14","not blooming",0,NA
"L21","6/26/13","full bloom",1,6
"L21","7/13/13","finishing bloom",1,6
"L21","7/17/13","finishing bloom",1,6
"L21","7/30/13","finishing bloom",1,6
"L21","6/12/14","full bloom",1,6
"L21","6/22/14","not blooming",0,6
"L21","7/3/14","not blooming",0,6
"L21","7/13/14","not blooming",0,6
"L24","6/27/13","full bloom",1,6
"L24","7/13/13","finishing bloom",1,6
"L24","7/18/13","finishing bloom",1,6
"L24","7/31/13","finishing bloom",1,6
"L24","6/13/14","not blooming",0,6
"L24","6/23/14","full bloom",1,6
"L24","7/2/14","finishing bloom",2,6
"L24","7/13/14","full bloom",2,6
"N131","6/30/13","not blooming",0,7
"N131","7/14/13","full bloom",2,7
"N131","7/20/13","full bloom",2,7
"N131","8/1/13","finishing bloom",2,7
"N131","6/14/14","not blooming",0,7
"N131","6/25/14","beginning to bloom to bloom",2,7
"N131","7/4/14","full bloom",2,7
"N131","7/14/14","finishing bloom",2,7
"L21","6/26/13","beginning to bloom",1,8
"L21","7/13/13","full bloom",3,8
"L21","7/17/13","full bloom",3,8
"L21","7/30/13","finishing bloom",3,8
"L21","6/12/14","not blooming",0,8
"L21","6/22/14","not blooming",0,8
"L21","7/3/14","not blooming",0,8
"L21","7/13/14","full bloom",2,8
"N131","6/30/13","not blooming",0,8
"N131","7/14/13","not blooming",0,8
"N131","7/20/13","not blooming",0,8
"N131","8/1/13","full bloom",2,8
"N131","6/14/14","not blooming",0,8
"N131","6/25/14","not blooming",0,8
"N131","7/4/14","not blooming",0,8
"N131","7/14/14","finishing bloom",1,8
"P37","6/28/13","full bloom",1,8
"P37","7/13/13","full bloom",1,8
"P37","7/19/13","full bloom",1,8
"P37","7/30/13","full bloom",1,8
"P37","6/13/14","not blooming",0,8
"P37","6/24/14","full bloom",1,8
"P37","7/1/14","full bloom",1,8
"P37","7/13/14","not blooming",0,8
"L21","6/12/14","full bloom",1,NA
"L21","6/22/14","full bloom",1,NA
"L21","7/3/14","finishing bloom",1,NA
"N139","6/18/14","not blooming",0,9
"N139","7/6/14","not blooming",0,9
"N139","7/9/14","not blooming",0,9
"N139","7/18/14","full bloom",1,9
"L35","6/12/14","full bloom",2,10
"L35","6/22/14","finishing bloom",1,10
"L35","7/3/14","finishing bloom",1,10
"L35","7/13/14","not blooming",0,10
"L21","6/26/13","finishing bloom",3,11
"L21","7/13/13","not blooming",0,11
"L21","7/17/13","not blooming",0,11
"L21","7/30/13","not blooming",0,11
"L21","6/12/14","not blooming",0,11
"L21","6/22/14","full bloom",2,11
"L21","7/3/14","finishing bloom",1,11
"L21","7/13/14","not blooming",0,11
"L24","6/27/13","full bloom",1,11
"L24","7/13/13","not blooming",0,11
"L24","7/18/13","not blooming",0,11
"L24","7/31/13","not blooming",0,11
"L24","6/13/14","not blooming",0,11
"L24","6/23/14","not blooming",0,11
"L24","7/2/14","not blooming",0,11
"L24","7/13/14","not blooming",0,11
"L33","6/29/13","full bloom",1,11
"L33","7/13/13","not blooming",0,11
"L33","7/19/13","not blooming",0,11
"L33","7/31/13","not blooming",0,11
"L33","6/13/14","not blooming",0,11
"L33","6/23/14","full bloom",1,11
"L33","7/3/14","full bloom",1,11
"L33","7/13/14","not blooming",0,11
"L35","6/12/14","not blooming",0,11
"L35","6/22/14","not blooming",0,11
"L35","7/3/14","finishing bloom",1,11
"L35","7/13/14","not blooming",0,11
"N131","6/30/13","finishing bloom",1,11
"N131","7/14/13","not blooming",0,11
"N131","7/20/13","not blooming",0,11
"N131","8/1/13","not blooming",0,11
"N131","6/14/14","not blooming",0,11
"N131","6/25/14","full bloom",1,11
"N131","7/4/14","beginning to bloom to bloom",1,11
"N131","7/14/14","not blooming",0,11
"N132","6/14/14","full bloom",1,11
"N132","6/25/14","full bloom",1,11
"N132","7/4/14","not blooming",0,11
"N132","7/14/14","not blooming",0,11
"N135","6/18/14","full bloom",1,11
"N135","7/6/14","full bloom",1,11
"N135","7/9/14","not blooming",0,11
"N135","7/19/14","not blooming",0,11
"N137","6/19/14","not blooming",0,11
"N137","7/7/14","full bloom",1,11
"N137","7/10/14","full bloom",1,11
"N137","7/19/14","not blooming",0,11
"P24","6/27/13","full bloom",1,11
"P24","7/13/13","not blooming",0,11
"P24","7/19/13","not blooming",0,11
"P24","7/29/13","not blooming",0,11
"P24","6/12/14","not blooming",0,11
"P24","6/23/14","not blooming",0,11
"P24","7/2/14","finishing bloom",1,11
"P24","7/13/14","not blooming",0,11
"P310","6/29/13","finishing bloom",1,11
"P310","7/13/13","not blooming",0,11
"P310","7/17/13","not blooming",0,11
"P310","7/31/13","not blooming",0,11
"P310","6/12/14","not blooming",0,11
"P310","6/24/14","full bloom",1,11
"P310","7/1/14","full bloom",1,11
"P310","7/13/14","finishing bloom",1,11
"P37","6/28/13","full bloom",1,11
"P37","7/13/13","not blooming",0,11
"P37","7/19/13","not blooming",0,11
"P37","7/30/13","not blooming",0,11
"P37","6/13/14","not blooming",0,11
"P37","6/24/14","not blooming",0,11
"P37","7/1/14","not blooming",0,11
"P37","7/13/14","not blooming",0,11
"N132","6/30/13","full bloom",1,12
"N132","7/14/13","finishing bloom",1,12
"N132","7/20/13","finishing bloom",1,12
"N132","8/1/13","not blooming",0,12
"N132","6/14/14","full bloom",2,12
"N132","6/25/14","full bloom",1,12
"N132","7/4/14","finishing bloom",1,12
"N132","7/14/14","finishing bloom",1,12
"N133","7/8/13","full bloom",2,12
"N133","7/11/13","full bloom",2,12
"N133","7/23/13","finishing bloom",1,12
"N133","7/25/13","not blooming",0,12
"N133","6/18/14","full bloom",1,12
"N133","7/7/14","not blooming",0,12
"N133","7/10/14","finishing bloom",1,12
"N133","7/18/14","not blooming",0,12
"N137","7/9/13","finishing bloom",1,12
"N137","7/12/13","finishing bloom",1,12
"N137","7/24/13","finishing bloom",1,12
"N137","7/26/13","finishing bloom",1,12
"N137","6/19/14","not blooming",0,12
"N137","7/7/14","full bloom",1,12
"N137","7/10/14","full bloom",1,12
"N137","7/19/14","full bloom",1,12
"P37","6/28/13","full bloom",1,12
"P37","7/13/13","not blooming",0,12
"P37","7/19/13","not blooming",0,12
"P37","7/30/13","not blooming",0,12
"P37","6/13/14","not blooming",0,12
"P37","6/24/14","not blooming",0,12
"P37","7/1/14","not blooming",0,12
"P37","7/13/14","not blooming",0,12
"L21","6/26/13","full bloom",2,13
"L21","7/13/13","full bloom",2,13
"L21","7/17/13","full bloom",2,13
"L21","7/30/13","finishing bloom",1,13
"L21","6/12/14","full bloom",1,13
"L21","6/22/14","full bloom",3,13
"L21","7/3/14","full bloom",2,13
"L21","7/13/14","finishing bloom",2,13
"N131","6/30/13","full bloom",2,13
"N131","7/14/13","full bloom",2,13
"N131","7/20/13","full bloom",2,13
"N131","8/1/13","finishing bloom",2,13
"N131","6/14/14","beginning to bloom to bloom",1,13
"N131","6/25/14","full bloom",2,13
"N131","7/4/14","full bloom",2,13
"N131","7/14/14","full bloom",2,13
"N135","7/8/13","full bloom",2,13
"N135","7/11/13","full bloom",2,13
"N135","7/22/13","finishing bloom",1,13
"N135","7/25/13","finishing bloom",1,13
"N135","6/18/14","not blooming",0,13
"N135","7/6/14","full bloom",2,13
"N135","7/9/14","finishing bloom",1,13
"N135","7/19/14","not blooming",0,13
"P310","6/29/13","full bloom",2,13
"P310","7/13/13","full bloom",2,13
"P310","7/17/13","full bloom",2,13
"P310","7/31/13","finishing bloom",1,13
"P310","6/12/14","not blooming",0,13
"P310","6/24/14","not blooming",0,13
"P310","7/1/14","not blooming",0,13
"P310","7/13/14","not blooming",0,13
"L21","6/26/13","full bloom",2,14
"L21","7/13/13","not blooming",0,14
"L21","7/17/13","not blooming",0,14
"L21","7/30/13","not blooming",0,14
"L21","6/12/14","full bloom",5,14
"L21","6/22/14","finishing bloom",4,14
"L21","7/3/14","finishing bloom",4,14
"L21","7/13/14","not blooming",0,14
"L24","6/13/14","full bloom",3,14
"L24","6/23/14","not blooming",0,14
"L24","7/2/14","not blooming",0,14
"L24","7/13/14","not blooming",0,14
"N131","6/30/13","finishing bloom",3,14
"N131","7/14/13","not blooming",0,14
"N131","7/20/13","not blooming",0,14
"N131","8/1/13","not blooming",0,14
"N131","6/14/14","full bloom",5,14
"N131","6/25/14","full bloom",4,14
"N131","7/4/14","finishing bloom",5,14
"N131","7/14/14","finishing bloom",2,14
"N133","7/8/13","not blooming",0,14
"N133","7/11/13","not blooming",0,14
"N133","7/23/13","not blooming",0,14
"N133","7/25/13","not blooming",0,14
"N133","6/18/14","finishing bloom",5,14
"N133","7/7/14","finishing bloom",3,14
"N133","7/10/14","finishing bloom",1,14
"N133","7/18/14","not blooming",4,14
"N134","6/17/14","full bloom",4,14
"N134","7/6/14","not blooming",0,14
"N134","7/9/14","not blooming",0,14
"N134","7/17/14","not blooming",0,14
"N135","6/18/14","full bloom",2,14
"N135","7/6/14","not blooming",0,14
"N135","7/9/14","not blooming",0,14
"N135","7/19/14","not blooming",0,14
"N137","7/9/13","not blooming",0,14
"N137","7/12/13","not blooming",0,14
"N137","7/24/13","not blooming",0,14
"N137","7/26/13","not blooming",0,14
"N137","6/19/14","finishing bloom",2,14
"N137","7/7/14","finishing bloom",2,14
"N137","7/10/14","not blooming",0,14
"N137","7/19/14","not blooming",0,14
"P310","6/29/13","finishing bloom",2,14
"P310","7/13/13","not blooming",0,14
"P310","7/17/13","not blooming",0,14
"P310","7/31/13","not blooming",0,14
"P310","6/12/14","full bloom",4,14
"P310","6/24/14","finishing bloom",3,14
"P310","7/1/14","finishing bloom",5,14
"P310","7/13/14","finishing bloom",3,14
"P33","6/27/13","finishing bloom",3,14
"P33","7/13/13","finishing bloom",2,14
"P33","7/18/13","not blooming",0,14
"P33","7/29/13","not blooming",0,14
"P33","6/12/14","full bloom",5,14
"P33","6/22/14","finishing bloom",3,14
"P33","7/2/14","finishing bloom",2,14
"P33","7/13/14","finishing bloom",1,14
"P37","6/28/13","not blooming",0,14
"P37","7/13/13","not blooming",0,14
"P37","7/19/13","not blooming",0,14
"P37","7/30/13","not blooming",0,14
"P37","6/13/14","not blooming",0,14
"P37","6/24/14","finishing bloom",3,14
"P37","7/1/14","finishing bloom",2,14
"P37","7/13/14","not blooming",0,14
"W04","6/30/13","not blooming",0,14
"W04","7/14/13","not blooming",0,14
"W04","7/20/13","not blooming",0,14
"W04","8/1/13","not blooming",0,14
"W04","6/14/14","full bloom",4,14
"W04","6/25/14","finishing bloom",2,14
"W04","7/4/14","finishing bloom",2,14
"W04","7/14/14","finishing bloom",5,14
"L21","6/26/13","full bloom",1,15
"L21","7/13/13","full bloom",1,15
"L21","7/17/13","full bloom",1,15
"L21","7/30/13","finishing bloom",1,15
"L21","6/12/14","not blooming",0,15
"L21","6/22/14","beginning to bloom to bloom",2,15
"L21","7/3/14","not blooming",0,15
"L21","7/13/14","finishing bloom",1,15
"L33","6/29/13","full bloom",2,15
"L33","7/13/13","finishing bloom",1,15
"L33","7/19/13","finishing bloom",1,15
"L33","7/31/13","not blooming",0,15
"L33","6/13/14","not blooming",0,15
"L33","6/23/14","not blooming",0,15
"L33","7/3/14","full bloom",2,15
"L33","7/13/14","finishing bloom",2,15
"N131","6/14/14","beginning to bloom to bloom",2,15
"N131","6/25/14","not blooming",0,15
"N131","7/4/14","not blooming",0,15
"N131","7/14/14","not blooming",0,15
"P24","6/27/13","full bloom",2,15
"P24","7/13/13","finishing bloom",2,15
"P24","7/19/13","finishing bloom",2,15
"P24","7/29/13","not blooming",0,15
"P24","6/12/14","not blooming",0,15
"P24","6/23/14","beginning to bloom to bloom",1,15
"P24","7/2/14","finishing bloom",1,15
"P24","7/13/14","not blooming",0,15
"P37","6/28/13","full bloom",1,15
"P37","7/13/13","full bloom",1,15
"P37","7/19/13","finishing bloom",1,15
"P37","7/30/13","not blooming",0,15
"P37","6/13/14","not blooming",0,15
"P37","6/24/14","full bloom",3,15
"P37","7/1/14","full bloom",1,15
"P37","7/13/14","not blooming",0,15
"L21","6/26/13","not blooming",0,16
"L21","7/13/13","beginning to bloom",1,16
"L21","7/17/13","beginning to bloom",2,16
"L21","7/30/13","finishing bloom",2,16
"L21","6/12/14","not blooming",0,16
"L21","6/22/14","not blooming",0,16
"L21","7/3/14","full bloom",2,16
"L21","7/13/14","full bloom",2,16
"L35","6/27/13","not blooming",0,16
"L35","7/13/13","not blooming",0,16
"L35","7/18/13","beginning to bloom",1,16
"L35","7/29/13","not blooming",0,16
"L35","6/12/14","not blooming",0,16
"L35","6/22/14","not blooming",0,16
"L35","7/3/14","beginning to bloom to bloom",1,16
"L35","7/13/14","full bloom",1,16
"P24","6/12/14","not blooming",0,16
"P24","6/23/14","not blooming",0,16
"P24","7/2/14","not blooming",0,16
"P24","7/13/14","beginning to bloom to bloom",1,16
"P33","6/27/13","not blooming",0,16
"P33","7/13/13","beginning to bloom",1,16
"P33","7/18/13","beginning to bloom",1,16
"P33","7/29/13","full bloom",2,16
"P33","6/12/14","not blooming",0,16
"P33","6/22/14","not blooming",0,16
"P33","7/2/14","not blooming",0,16
"P33","7/13/14","beginning to bloom to bloom",1,16
"L21","6/12/14","full bloom",2,17
"L21","6/22/14","finishing bloom",1,17
"L21","7/3/14","not blooming",0,17
"L21","7/13/14","not blooming",0,17
"L24","6/27/13","full bloom",1,17
"L24","7/13/13","not blooming",0,17
"L24","7/18/13","not blooming",0,17
"L24","7/31/13","not blooming",0,17
"L24","6/13/14","full bloom",2,17
"L24","6/23/14","not blooming",0,17
"L24","7/2/14","not blooming",0,17
"L24","7/13/14","finishing bloom",1,17
"L33","6/13/14","full bloom",1,17
"L33","6/23/14","not blooming",0,17
"L33","7/3/14","not blooming",0,17
"L33","7/13/14","not blooming",0,17
"N137","7/9/13","finishing bloom",4,17
"N137","7/12/13","finishing bloom",4,17
"N137","7/24/13","finishing bloom",1,17
"N137","7/26/13","not blooming",0,17
"N137","6/19/14","full bloom",1,17
"N137","7/7/14","full bloom",1,17
"N137","7/10/14","finishing bloom",0,17
"N137","7/19/14","not blooming",0,17
"N139","6/18/14","full bloom",3,17
"N139","7/6/14","not blooming",0,17
"N139","7/9/14","not blooming",0,17
"N139","7/18/14","not blooming",0,17
"P24","6/27/13","finishing bloom",1,17
"P24","7/13/13","not blooming",0,17
"P24","7/19/13","not blooming",0,17
"P24","7/29/13","not blooming",0,17
"P24","6/12/14","not blooming",0,17
"P24","6/23/14","full bloom",3,17
"P24","7/2/14","not blooming",0,17
"P24","7/13/14","not blooming",0,17
"L21","6/26/13","beginning to bloom",1,18
"L21","7/13/13","full bloom",2,18
"L21","7/17/13","finishing bloom",2,18
"L21","7/30/13","finishing bloom",1,18
"L21","6/12/14","not blooming",0,18
"L21","6/22/14","not blooming",0,18
"L21","7/3/14","not blooming",0,18
"L21","7/13/14","full bloom",2,18
"L24","6/27/13","not blooming",0,18
"L24","7/13/13","full bloom",1,18
"L24","7/18/13","finishing bloom",1,18
"L24","7/31/13","finishing bloom",1,18
"L24","6/13/14","not blooming",0,18
"L24","6/23/14","not blooming",0,18
"L24","7/2/14","finishing bloom",1,18
"L24","7/13/14","not blooming",0,18
"L35","6/12/14","not blooming",0,18
"L35","6/22/14","not blooming",0,18
"L35","7/3/14","full bloom",1,18
"L35","7/13/14","not blooming",0,18
"N137","7/9/13","full bloom",4,19
"N137","7/12/13","full bloom",4,19
"N137","7/24/13","finishing bloom",2,19
"N137","7/26/13","finishing bloom",2,19
"N137","6/19/14","beginning to bloom to bloom",2,19
"N137","7/7/14","full bloom",3,19
"N137","7/10/14","full bloom",3,19
"N137","7/19/14","full bloom",3,19
"L21","6/26/13","full bloom",1,20
"L21","7/13/13","not blooming",0,20
"L21","7/17/13","not blooming",0,20
"L21","7/30/13","not blooming",0,20
"L21","6/12/14","full bloom",2,20
"L21","6/22/14","full bloom",2,20
"L21","7/3/14","finishing bloom",1,20
"L21","7/13/14","not blooming",0,20
"L24","6/13/14","full bloom",2,20
"L24","6/23/14","not blooming",0,20
"L24","7/2/14","not blooming",0,20
"L24","7/13/14","not blooming",0,20
"L35","6/27/13","full bloom",1,20
"L35","7/13/13","not blooming",0,20
"L35","7/18/13","not blooming",0,20
"L35","7/29/13","not blooming",0,20
"L35","6/12/14","full bloom",1,20
"L35","6/22/14","full bloom",2,20
"L35","7/3/14","finishing bloom",1,20
"L35","7/13/14","not blooming",0,20
"L24","6/27/13","beginning to bloom",1,21
"L24","7/13/13","full bloom",1,21
"L24","7/18/13","full bloom",1,21
"L24","7/31/13","finishing bloom",1,21
"L24","6/13/14","not blooming",0,21
"L24","6/23/14","not blooming",0,21
"L24","7/2/14","not blooming",0,21
"L24","7/13/14","not blooming",0,21
"L35","6/27/13","not blooming",0,21
"L35","7/13/13","beginning to bloom",2,21
"L35","7/18/13","full bloom",2,21
"L35","7/29/13","full bloom",2,21
"L35","6/12/14","not blooming",0,21
"L35","6/22/14","not blooming",0,21
"L35","7/3/14","not blooming",0,21
"L35","7/13/14","beginning to bloom to bloom",1,21
"N134","7/8/13","beginning to bloom",3,21
"N134","7/11/13","full bloom",3,21
"N134","7/22/13","full bloom",3,21
"N134","7/25/13","finishing bloom",3,21
"N134","6/17/14","not blooming",3,21
"N134","7/6/14","full bloom",3,21
"N134","7/9/14","full bloom",4,21
"N134","7/17/14","full bloom",4,21
"N136","7/9/13","beginning to bloom",1,21
"N136","7/12/13","beginning to bloom",1,21
"N136","7/24/13","finishing bloom",2,21
"N136","7/26/13","finishing bloom",1,21
"N136","6/17/14","not blooming",0,21
"N136","7/7/14","not blooming",0,21
"N136","7/10/14","finishing bloom",2,21
"N136","7/17/14","not blooming",0,21
"N137","7/9/13","not blooming",0,21
"N137","7/12/13","not blooming",0,21
"N137","7/24/13","full bloom",2,21
"N137","7/26/13","finishing bloom",2,21
"N137","6/19/14","not blooming",0,21
"N137","7/7/14","not blooming",0,21
"N137","7/10/14","not blooming",0,21
"N137","7/19/14","not blooming",0,21
"P33","6/27/13","not blooming",0,21
"P33","7/13/13","not blooming",0,21
"P33","7/18/13","full bloom",1,21
"P33","7/29/13","finishing bloom",1,21
"P33","6/12/14","not blooming",0,21
"P33","6/22/14","not blooming",0,21
"P33","7/2/14","not blooming",0,21
"P33","7/13/14","full bloom",1,21
"P37","6/28/13","not blooming",0,21
"P37","7/13/13","beginning to bloom",1,21
"P37","7/19/13","full bloom",1,21
"P37","7/30/13","finishing bloom",1,21
"P37","6/13/14","full bloom",3,21
"P37","6/24/14","full bloom",2,21
"P37","7/1/14","not blooming",0,21
"P37","7/13/14","not blooming",0,21
"W04","6/30/13","not blooming",0,21
"W04","7/14/13","beginning to bloom",1,21
"W04","7/20/13","full bloom",1,21
"W04","8/1/13","finishing bloom",1,21
"W04","6/14/14","not blooming",0,21
"W04","6/25/14","not blooming",0,21
"W04","7/4/14","not blooming",0,21
"W04","7/14/14","full bloom",2,21
"N136","7/9/13","full bloom",3,22
"N136","7/12/13","full bloom",3,22
"N136","7/24/13","full bloom",3,22
"N136","7/26/13","full bloom",3,22
"N136","6/17/14","not blooming",0,22
"N136","7/7/14","beginning to bloom to bloom",1,22
"N136","7/10/14","full bloom",3,22
"N136","7/17/14","not blooming",0,22
"N135","7/8/13","not blooming",0,23
"N135","7/11/13","not blooming",0,23
"N135","7/22/13","not blooming",0,23
"N135","7/25/13","beginning to bloom",1,23
"N135","6/18/14","not blooming",0,23
"N135","7/6/14","not blooming",0,23
"N135","7/9/14","not blooming",0,23
"N135","7/19/14","not blooming",0,23
"P33","6/27/13","not blooming",0,23
"P33","7/13/13","not blooming",0,23
"P33","7/18/13","not blooming",0,23
"P33","7/29/13","full bloom",3,23
"P33","6/12/14","not blooming",0,23
"P33","6/22/14","not blooming",0,23
"P33","7/2/14","not blooming",0,23
"P33","7/13/14","not blooming",0,23
"L21","6/26/13","beginning to bloom",2,24
"L21","7/13/13","full bloom",3,24
"L21","7/17/13","full bloom",2,24
"L21","7/30/13","finishing bloom",1,24
"L21","6/12/14","not blooming",0,24
"L21","6/22/14","not blooming",0,24
"L21","7/3/14","finishing bloom",1,24
"L21","7/13/14","full bloom",1,24
"L24","6/27/13","beginning to bloom",1,24
"L24","7/13/13","full bloom",2,24
"L24","7/18/13","full bloom",2,24
"L24","7/31/13","finishing bloom",2,24
"L24","6/13/14","not blooming",0,24
"L24","6/23/14","not blooming",0,24
"L24","7/2/14","not blooming",0,24
"L24","7/13/14","full bloom",2,24
"L33","6/29/13","full bloom",2,24
"L33","7/13/13","finishing bloom",2,24
"L33","7/19/13","finishing bloom",2,24
"L33","7/31/13","not blooming",0,24
"L33","6/13/14","not blooming",0,24
"L33","6/23/14","not blooming",0,24
"L33","7/3/14","not blooming",0,24
"L33","7/13/14","finishing bloom",2,24
"L35","6/27/13","beginning to bloom",1,24
"L35","7/13/13","full bloom",2,24
"L35","7/18/13","full bloom",2,24
"L35","7/29/13","full bloom",2,24
"L35","6/12/14","not blooming",0,24
"L35","6/22/14","not blooming",0,24
"L35","7/3/14","not blooming",0,24
"L35","7/13/14","not blooming",0,24
"N132","6/30/13","full bloom",2,24
"N132","7/14/13","finishing bloom",2,24
"N132","7/20/13","finishing bloom",2,24
"N132","8/1/13","not blooming",0,24
"N132","6/14/14","not blooming",0,24
"N132","6/25/14","not blooming",0,24
"N132","7/4/14","not blooming",0,24
"N132","7/14/14","beginning to bloom to bloom",1,24
"N133","6/18/14","not blooming",0,24
"N133","7/7/14","not blooming",0,24
"N133","7/10/14","beginning to bloom to bloom",2,24
"N133","7/18/14","finishing bloom",2,24
"N135","7/8/13","full bloom",2,24
"N135","7/11/13","full bloom",2,24
"N135","7/22/13","finishing bloom",2,24
"N135","7/25/13","finishing bloom",1,24
"N135","6/18/14","not blooming",0,24
"N135","7/6/14","full bloom",2,24
"N135","7/9/14","full bloom",2,24
"N135","7/19/14","full bloom",2,24
"N137","7/9/13","finishing bloom",3,24
"N137","7/12/13","finishing bloom",3,24
"N137","7/24/13","finishing bloom",2,24
"N137","7/26/13","finishing bloom",2,24
"N137","6/19/14","not blooming",0,24
"N137","7/7/14","full bloom",2,24
"N137","7/10/14","full bloom",2,24
"N137","7/19/14","finishing bloom",2,24
"N139","7/9/13","full bloom",2,24
"N139","7/12/13","full bloom",3,24
"N139","7/24/13","finishing bloom",2,24
"N139","7/26/13","finishing bloom",2,24
"N139","6/18/14","not blooming",0,24
"N139","7/6/14","finishing bloom",2,24
"N139","7/9/14","full bloom",2,24
"N139","7/18/14","full bloom",2,24
"P24","6/27/13","beginning to bloom",0,24
"P24","7/13/13","finishing bloom",2,24
"P24","7/19/13","finishing bloom",1,24
"P24","7/29/13","finishing bloom",1,24
"P24","6/12/14","not blooming",0,24
"P24","6/23/14","not blooming",0,24
"P24","7/2/14","full bloom",1,24
"P24","7/13/14","finishing bloom",2,24
"P310","6/29/13","beginning to bloom",2,24
"P310","7/13/13","full bloom",2,24
"P310","7/17/13","full bloom",3,24
"P310","7/31/13","finishing bloom",3,24
"P310","6/12/14","not blooming",0,24
"P310","6/24/14","not blooming",0,24
"P310","7/1/14","beginning to bloom to bloom",1,24
"P310","7/13/14","finishing bloom",2,24
"P33","6/27/13","full bloom",2,24
"P33","7/13/13","full bloom",2,24
"P33","7/18/13","full bloom",2,24
"P33","7/29/13","full bloom",4,24
"P33","6/12/14","not blooming",0,24
"P33","6/22/14","not blooming",0,24
"P33","7/2/14","not blooming",0,24
"P33","7/13/14","finishing bloom",2,24
"P43","6/28/13","full bloom",2,24
"P43","7/13/13","finishing bloom",2,24
"P43","7/17/13","finishing bloom",2,24
"P43","7/30/13","not blooming",0,24
"P43","6/13/14","not blooming",0,24
"P43","6/24/14","not blooming",0,24
"P43","7/3/14","not blooming",0,24
"P43","7/13/14","full bloom",1,24
"W04","6/30/13","full bloom",2,24
"W04","7/14/13","full bloom",2,24
"W04","7/20/13","finishing bloom",2,24
"W04","8/1/13","finishing bloom",2,24
"W04","6/14/14","not blooming",0,24
"W04","6/25/14","not blooming",0,24
"W04","7/4/14","not blooming",0,24
"W04","7/14/14","beginning to bloom to bloom",3,24
"L21","6/26/13","beginning to bloom",1,25
"L21","7/13/13","full bloom",5,25
"L21","7/17/13","full bloom",5,25
"L21","7/30/13","finishing bloom",5,25
"L21","6/12/14","not blooming",0,25
"L21","6/22/14","beginning to bloom to bloom",2,25
"L21","7/3/14","full bloom",4,25
"L21","7/13/14","full bloom",4,25
"N131","6/30/13","full bloom",3,25
"N131","7/14/13","full bloom",4,25
"N131","7/20/13","full bloom",3,25
"N131","8/1/13","finishing bloom",3,25
"N131","6/14/14","not blooming",0,25
"N131","6/25/14","full bloom",3,25
"N131","7/4/14","full bloom",4,25
"N131","7/14/14","full bloom",4,25
"N132","6/30/13","not blooming",0,25
"N132","7/14/13","not blooming",0,25
"N132","7/20/13","not blooming",0,25
"N132","8/1/13","full bloom",1,25
"N132","6/14/14","not blooming",0,25
"N132","6/25/14","not blooming",0,25
"N132","7/4/14","not blooming",0,25
"N132","7/14/14","not blooming",0,25
"P24","6/27/13","beginning to bloom",2,25
"P24","7/13/13","full bloom",2,25
"P24","7/19/13","finishing bloom",2,25
"P24","7/29/13","not blooming",0,25
"P24","6/12/14","not blooming",0,25
"P24","6/23/14","beginning to bloom to bloom",1,25
"P24","7/2/14","not blooming",0,25
"P24","7/13/14","full bloom",3,25
"P33","6/27/13","full bloom",1,25
"P33","7/13/13","full bloom",1,25
"P33","7/18/13","full bloom",1,25
"P33","7/29/13","full bloom",3,25
"P33","6/12/14","not blooming",0,25
"P33","6/22/14","beginning to bloom to bloom",2,25
"P33","7/2/14","full bloom",1,25
"P33","7/13/14","finishing bloom",1,25
"P43","7/3/14","full bloom",1,25
"P43","7/13/14","full bloom",1,25
"N132","6/30/13","beginning to bloom",1,26
"N132","7/14/13","beginning to bloom",1,26
"N132","7/20/13","full bloom",3,26
"N132","8/1/13","not blooming",0,26
"N132","6/14/14","not blooming",0,26
"N132","6/25/14","full bloom",1,26
"N132","7/4/14","full bloom",2,26
"N132","7/14/14","full bloom",2,26
"L33","6/29/13","not blooming",0,27
"L33","7/13/13","beginning to bloom",3,27
"L33","7/19/13","full bloom",3,27
"L33","7/31/13","finishing bloom",2,27
"L33","6/13/14","not blooming",0,27
"L33","6/23/14","not blooming",0,27
"L33","7/3/14","beginning to bloom to bloom",4,27
"L33","7/13/14","full bloom",4,27
"N132","6/30/13","not blooming",0,27
"N132","7/14/13","beginning to bloom",2,27
"N132","7/20/13","beginning to bloom",2,27
"N132","8/1/13","finishing bloom",1,27
"N132","6/14/14","not blooming",0,27
"N132","6/25/14","not blooming",0,27
"N132","7/4/14","beginning to bloom to bloom",2,27
"N132","7/14/14","beginning to bloom to bloom",1,27
"N133","7/8/13","not blooming",0,27
"N133","7/11/13","not blooming",0,27
"N133","7/23/13","beginning to bloom",1,27
"N133","7/25/13","beginning to bloom",2,27
"N133","6/18/14","not blooming",0,27
"N133","7/7/14","beginning to bloom to bloom",1,27
"N133","7/10/14","beginning to bloom to bloom",1,27
"N133","7/18/14","not blooming",0,27
"N135","7/8/13","beginning to bloom",1,27
"N135","7/11/13","full bloom",2,27
"N135","7/22/13","full bloom",3,27
"N135","7/25/13","finishing bloom",2,27
"N135","6/18/14","beginning to bloom to bloom",1,27
"N135","7/6/14","full bloom",5,27
"N135","7/9/14","full bloom",3,27
"N135","7/19/14","full bloom",2,27
"N139","7/9/13","beginning to bloom",1,27
"N139","7/12/13","beginning to bloom",3,27
"N139","7/24/13","full bloom",3,27
"N139","7/26/13","full bloom",3,27
"N139","6/18/14","not blooming",0,27
"N139","7/6/14","beginning to bloom to bloom",2,27
"N139","7/9/14","full bloom",3,27
"N139","7/18/14","full bloom",2,27
"P310","6/29/13","not blooming",0,27
"P310","7/13/13","full bloom",3,27
"P310","7/17/13","full bloom",2,27
"P310","7/31/13","full bloom",2,27
"P310","6/12/14","not blooming",0,27
"P310","6/24/14","not blooming",0,27
"P310","7/1/14","not blooming",0,27
"P310","7/13/14","not blooming",0,27
"P33","6/27/13","not blooming",0,27
"P33","7/13/13","not blooming",0,27
"P33","7/18/13","beginning to bloom",2,27
"P33","7/29/13","full bloom",3,27
"P33","6/12/14","not blooming",0,27
"P33","6/22/14","not blooming",0,27
"P33","7/2/14","not blooming",0,27
"P33","7/13/14","full bloom",1,27
"P43","6/28/13","not blooming",0,27
"P43","7/13/13","beginning to bloom",2,27
"P43","7/17/13","beginning to bloom",2,27
"P43","7/30/13","finishing bloom",2,27
"P43","6/13/14","not blooming",0,27
"P43","6/24/14","not blooming",0,27
"P43","7/3/14","not blooming",0,27
"P43","7/13/14","not blooming",0,27
"N135","7/8/13","not blooming",0,28
"N135","7/11/13","not blooming",0,28
"N135","7/22/13","not blooming",0,28
"N135","7/25/13","beginning to bloom",3,28
"N135","6/18/14","not blooming",0,28
"N135","7/6/14","not blooming",0,28
"N135","7/9/14","beginning to bloom to bloom",2,28
"N135","7/19/14","full bloom",3,28
"L33","6/13/14","full bloom",1,29
"L33","6/23/14","not blooming",0,29
"L33","7/3/14","not blooming",0,29
"L33","7/13/14","not blooming",0,29
"L21","6/12/14","not blooming",0,30
"L21","6/22/14","not blooming",0,30
"L21","7/3/14","finishing bloom",1,30
"L21","7/13/14","not blooming",0,30
"N131","6/14/14","not blooming",0,30
"N131","6/25/14","full bloom",2,30
"N131","7/4/14","full bloom",1,30
"N131","7/14/14","not blooming",0,30
"P37","6/13/14","full bloom",2,30
"P37","6/24/14","not blooming",0,30
"P37","7/1/14","not blooming",0,30
"P37","7/13/14","not blooming",0,30
"L21","6/26/13","full bloom",3,31
"L21","7/13/13","full bloom",3,31
"L21","7/17/13","full bloom",3,31
"L21","7/30/13","finishing bloom",3,31
"L21","6/12/14","not blooming",0,31
"L21","6/22/14","not blooming",0,31
"L21","7/3/14","not blooming",0,31
"L21","7/13/14","not blooming",0,31
"L24","6/27/13","full bloom",4,31
"L24","7/13/13","full bloom",4,31
"L24","7/18/13","full bloom",4,31
"L24","7/31/13","finishing bloom",3,31
"L24","6/13/14","not blooming",0,31
"L24","6/23/14","beginning to bloom to bloom",1,31
"L24","7/2/14","not blooming",0,31
"L24","7/13/14","full bloom",3,31
"L33","6/29/13","full bloom",3,31
"L33","7/13/13","full bloom",3,31
"L33","7/19/13","full bloom",3,31
"L33","7/31/13","full bloom",2,31
"L33","6/13/14","not blooming",0,31
"L33","6/23/14","not blooming",0,31
"L33","7/3/14","full bloom",2,31
"L33","7/13/14","finishing bloom",2,31
"L35","6/27/13","full bloom",2,31
"L35","7/13/13","full bloom",2,31
"L35","7/18/13","full bloom",2,31
"L35","7/29/13","full bloom",2,31
"L35","6/12/14","not blooming",0,31
"L35","6/22/14","not blooming",0,31
"L35","7/3/14","full bloom",2,31
"L35","7/13/14","full bloom",3,31
"N131","6/30/13","full bloom",3,31
"N131","7/14/13","full bloom",3,31
"N131","7/20/13","full bloom",3,31
"N131","8/1/13","full bloom",3,31
"N131","6/14/14","not blooming",0,31
"N131","6/25/14","beginning to bloom to bloom",1,31
"N131","7/4/14","full bloom",2,31
"N131","7/14/14","full bloom",2,31
"N132","6/30/13","full bloom",1,31
"N132","7/14/13","full bloom",1,31
"N132","7/20/13","full bloom",1,31
"N132","8/1/13","finishing bloom",1,31
"N132","6/14/14","not blooming",0,31
"N132","6/25/14","not blooming",0,31
"N132","7/4/14","full bloom",3,31
"N132","7/14/14","full bloom",2,31
"N133","7/8/13","full bloom",4,31
"N133","7/11/13","full bloom",4,31
"N133","7/23/13","full bloom",4,31
"N133","7/25/13","full bloom",4,31
"N133","6/18/14","not blooming",0,31
"N133","7/7/14","full bloom",3,31
"N133","7/10/14","full bloom",3,31
"N133","7/18/14","full bloom",3,31
"N134","7/8/13","full bloom",2,31
"N134","7/11/13","full bloom",2,31
"N134","7/22/13","full bloom",2,31
"N134","7/25/13","full bloom",2,31
"N134","6/17/14","full bloom",3,31
"N134","7/6/14","full bloom",1,31
"N134","7/9/14","full bloom",3,31
"N134","7/17/14","full bloom",2,31
"N135","7/8/13","full bloom",3,31
"N135","7/11/13","full bloom",3,31
"N135","7/22/13","full bloom",3,31
"N135","7/25/13","finishing bloom",2,31
"N135","6/18/14","full bloom",2,31
"N135","7/6/14","full bloom",4,31
"N135","7/9/14","full bloom",2,31
"N135","7/19/14","full bloom",2,31
"N137","7/9/13","full bloom",4,31
"N137","7/12/13","full bloom",4,31
"N137","7/24/13","full bloom",4,31
"N137","7/26/13","full bloom",4,31
"N137","6/19/14","beginning to bloom to bloom",1,31
"N137","7/7/14","not blooming",0,31
"N137","7/10/14","full bloom",2,31
"N137","7/19/14","full bloom",2,31
"P24","6/27/13","full bloom",3,31
"P24","7/13/13","full bloom",3,31
"P24","7/19/13","full bloom",3,31
"P24","7/29/13","full bloom",3,31
"P24","6/12/14","not blooming",0,31
"P24","6/23/14","not blooming",0,31
"P24","7/2/14","full bloom",2,31
"P24","7/13/14","beginning to bloom to bloom",2,31
"P33","6/27/13","full bloom",3,31
"P33","7/13/13","full bloom",3,31
"P33","7/18/13","full bloom",3,31
"P33","7/29/13","full bloom",4,31
"P33","6/12/14","not blooming",0,31
"P33","6/22/14","not blooming",0,31
"P33","7/2/14","not blooming",0,31
"P33","7/13/14","not blooming",0,31
"P37","6/28/13","full bloom",2,31
"P37","7/13/13","full bloom",2,31
"P37","7/19/13","full bloom",2,31
"P37","7/30/13","full bloom",2,31
"P37","6/13/14","full bloom",2,31
"P37","6/24/14","full bloom",2,31
"P37","7/1/14","beginning to bloom to bloom",1,31
"P37","7/13/14","beginning to bloom to bloom",1,31
"P43","6/28/13","full bloom",4,31
"P43","7/13/13","full bloom",4,31
"P43","7/17/13","full bloom",4,31
"P43","7/30/13","finishing bloom",2,31
"P43","6/13/14","not blooming",0,31
"P43","6/24/14","not blooming",0,31
"P43","7/3/14","full bloom",2,31
"P43","7/13/14","full bloom",2,31
"W04","6/30/13","full bloom",2,31
"W04","7/14/13","full bloom",2,31
"W04","7/20/13","full bloom",2,31
"W04","8/1/13","full bloom",4,31
"W04","6/14/14","not blooming",0,31
"W04","6/25/14","not blooming",0,31
"W04","7/4/14","full bloom",1,31
"W04","7/14/14","full bloom",3,31
"L24","6/27/13","full bloom",2,32
"L24","7/13/13","full bloom",2,32
"L24","7/18/13","full bloom",2,32
"L24","7/31/13","finishing bloom",2,32
"L24","6/13/14","not blooming",0,32
"L24","6/23/14","not blooming",0,32
"L24","7/2/14","not blooming",0,32
"L24","7/13/14","full bloom",3,32
"L33","6/29/13","full bloom",1,32
"L33","7/13/13","full bloom",1,32
"L33","7/19/13","full bloom",1,32
"L33","7/31/13","full bloom",1,32
"L33","6/13/14","full bloom",1,32
"L33","6/23/14","full bloom",2,32
"L33","7/3/14","full bloom",2,32
"L33","7/13/14","full bloom",2,32
"N131","6/30/13","full bloom",3,32
"N131","7/14/13","full bloom",4,32
"N131","7/20/13","full bloom",3,32
"N131","8/1/13","full bloom",3,32
"N131","6/14/14","not blooming",0,32
"N131","6/25/14","beginning to bloom to bloom",2,32
"N131","7/4/14","full bloom",2,32
"N131","7/14/14","full bloom",3,32
"N132","6/30/13","full bloom",4,32
"N132","7/14/13","full bloom",4,32
"N132","7/20/13","full bloom",4,32
"N132","8/1/13","finishing bloom",3,32
"N132","6/14/14","not blooming",0,32
"N132","6/25/14","full bloom",2,32
"N132","7/4/14","full bloom",2,32
"N132","7/14/14","full bloom",4,32
"N133","7/8/13","full bloom",4,32
"N133","7/11/13","full bloom",4,32
"N133","7/23/13","full bloom",4,32
"N133","7/25/13","full bloom",4,32
"N133","6/18/14","not blooming",0,32
"N133","7/7/14","full bloom",2,32
"N133","7/10/14","full bloom",2,32
"N133","7/18/14","full bloom",3,32
"N134","7/8/13","full bloom",3,32
"N134","7/11/13","full bloom",3,32
"N134","7/22/13","full bloom",3,32
"N134","7/25/13","full bloom",3,32
"N134","6/17/14","full bloom",3,32
"N134","7/6/14","full bloom",2,32
"N134","7/9/14","full bloom",3,32
"N134","7/17/14","full bloom",2,32
"N135","7/8/13","full bloom",1,32
"N135","7/11/13","full bloom",1,32
"N135","7/22/13","full bloom",2,32
"N135","7/25/13","full bloom",2,32
"N135","6/18/14","not blooming",0,32
"N135","7/6/14","full bloom",4,32
"N135","7/9/14","not blooming",0,32
"N135","7/19/14","not blooming",0,32
"N137","7/9/13","full bloom",5,32
"N137","7/12/13","full bloom",5,32
"N137","7/24/13","full bloom",5,32
"N137","7/26/13","full bloom",5,32
"N137","6/19/14","not blooming",0,32
"N137","7/7/14","full bloom",2,32
"N137","7/10/14","full bloom",2,32
"N137","7/19/14","full bloom",2,32
"N139","7/9/13","full bloom",3,32
"N139","7/12/13","full bloom",3,32
"N139","7/24/13","full bloom",3,32
"N139","7/26/13","full bloom",3,32
"N139","6/18/14","full bloom",3,32
"N139","7/6/14","full bloom",4,32
"N139","7/9/14","full bloom",3,32
"N139","7/18/14","full bloom",2,32
"P310","6/29/13","full bloom",3,32
"P310","7/13/13","full bloom",3,32
"P310","7/17/13","full bloom",3,32
"P310","7/31/13","full bloom",3,32
"P310","6/12/14","not blooming",0,32
"P310","6/24/14","not blooming",0,32
"P310","7/1/14","beginning to bloom to bloom",2,32
"P310","7/13/14","finishing bloom",2,32
"P33","6/27/13","full bloom",2,32
"P33","7/13/13","full bloom",2,32
"P33","7/18/13","full bloom",2,32
"P33","7/29/13","full bloom",3,32
"P33","6/12/14","not blooming",0,32
"P33","6/22/14","not blooming",0,32
"P33","7/2/14","full bloom",1,32
"P33","7/13/14","full bloom",2,32
"P37","6/13/14","not blooming",0,32
"P37","6/24/14","not blooming",0,32
"P37","7/1/14","beginning to bloom to bloom",1,32
"P37","7/13/14","not blooming",0,32
"W04","6/30/13","full bloom",1,32
"W04","7/14/13","full bloom",1,32
"W04","7/20/13","full bloom",1,32
"W04","8/1/13","full bloom",3,32
"W04","6/14/14","not blooming",0,32
"W04","6/25/14","not blooming",0,32
"W04","7/4/14","full bloom",1,32
"W04","7/14/14","full bloom",3,32
"L35","6/12/14","full bloom",1,33
"L35","6/22/14","full bloom",1,33
"L35","7/3/14","full bloom",1,33
"L35","7/13/14","not blooming",0,33
"N136","7/9/13","full bloom",3,33
"N136","7/12/13","full bloom",3,33
"N136","7/24/13","full bloom",3,33
"N136","7/26/13","finishing bloom",2,33
"N136","6/17/14","full bloom",3,33
"N136","7/7/14","full bloom",3,33
"N136","7/10/14","full bloom",4,33
"N136","7/17/14","full bloom",4,33
"N137","7/9/13","full bloom",2,34
"N137","7/12/13","full bloom",2,34
"N137","7/24/13","finishing bloom",1,34
"N137","7/26/13","finishing bloom",1,34
"N137","6/19/14","full bloom",2,34
"N137","7/7/14","not blooming",0,34
"N137","7/10/14","not blooming",0,34
"N137","7/19/14","not blooming",0,34
"P310","6/12/14","not blooming",0,34
"P310","6/24/14","not blooming",0,34
"P310","7/1/14","not blooming",0,34
"P310","7/13/14","not blooming",0,34
"P33","6/27/13","full bloom",2,34
"P33","7/13/13","finishing bloom",1,34
"P33","7/18/13","finishing bloom",1,34
"P33","7/29/13","finishing bloom",1,34
"P33","6/12/14","",1,34
"P33","6/22/14","full bloom",2,34
"P33","7/2/14","finishing bloom",2,34
"P33","7/13/14","not blooming",0,34
"P310","6/12/14","full bloom",2,35
"P310","6/24/14","not blooming",0,35
"P310","7/1/14","not blooming",0,35
"P310","7/13/14","not blooming",0,35
"N136","7/9/13","full bloom",2,36
"N136","7/12/13","full bloom",2,36
"N136","7/24/13","finishing bloom",2,36
"N136","7/26/13","finishing bloom",1,36
"N136","6/17/14","not blooming",0,36
"N136","7/7/14","beginning to bloom to bloom",1,36
"N136","7/10/14","not blooming",0,36
"N136","7/17/14","beginning to bloom to bloom",1,36
"L21","6/26/13","not blooming",0,37
"L21","7/13/13","not blooming",0,37
"L21","7/17/13","not blooming",0,37
"L21","7/30/13","not blooming",0,37
"L21","6/12/14","not blooming",0,37
"L21","6/22/14","not blooming",0,37
"L21","7/3/14","not blooming",0,37
"L21","7/13/14","not blooming",0,37
"L24","6/27/13","full bloom",1,37
"L24","7/13/13","full bloom",1,37
"L24","7/18/13","full bloom",1,37
"L24","7/31/13","finishing bloom",1,37
"L24","6/13/14","not blooming",0,37
"L24","6/23/14","not blooming",0,37
"L24","7/2/14","not blooming",0,37
"L24","7/13/14","not blooming",0,37
"N134","7/8/13","full bloom",2,37
"N134","7/11/13","full bloom",2,37
"N134","7/22/13","finishing bloom",2,37
"N134","7/25/13","finishing bloom",2,37
"N134","6/17/14","not blooming",3,37
"N134","7/6/14","beginning to bloom to bloom",1,37
"N134","7/9/14","finishing bloom",2,37
"N134","7/17/14","full bloom",2,37
"N136","7/9/13","full bloom",2,37
"N136","7/12/13","full bloom",2,37
"N136","7/24/13","finishing bloom",2,37
"N136","7/26/13","finishing bloom",2,37
"N136","6/17/14","not blooming",0,37
"N136","7/7/14","beginning to bloom to bloom",1,37
"N136","7/10/14","full bloom",2,37
"N136","7/17/14","full bloom",1,37
"P24","6/12/14","not blooming",0,37
"P24","6/23/14","not blooming",0,37
"P24","7/2/14","not blooming",0,37
"P24","7/13/14","finishing bloom",2,37
"P37","6/28/13","not blooming",0,37
"P37","7/13/13","not blooming",0,37
"P37","7/19/13","not blooming",0,37
"P37","7/30/13","not blooming",0,37
"P37","6/13/14","not blooming",0,37
"P37","6/24/14","not blooming",0,37
"P37","7/1/14","not blooming",0,37
"P37","7/13/14","not blooming",0,37
"P43","6/28/13","not blooming",0,37
"P43","7/13/13","not blooming",0,37
"P43","7/17/13","not blooming",0,37
"P43","7/30/13","not blooming",0,37
"P43","6/13/14","not blooming",0,37
"P43","6/24/14","not blooming",0,37
"P43","7/3/14","not blooming",0,37
"P43","7/13/14","not blooming",0,37
"W04","6/30/13","not blooming",0,37
"W04","7/14/13","not blooming",0,37
"W04","7/20/13","not blooming",0,37
"W04","8/1/13","not blooming",0,37
"W04","6/14/14","not blooming",0,37
"W04","6/25/14","not blooming",0,37
"W04","7/4/14","not blooming",0,37
"W04","7/14/14","not blooming",0,37
"L35","6/12/14","beginning to bloom to bloom",1,NA
"L35","6/22/14","not blooming",0,NA
"L35","7/3/14","not blooming",0,NA
"L35","7/13/14","not blooming",0,NA
"L24","6/13/14","full bloom",2,38
"L24","6/23/14","full bloom",2,38
"L24","7/2/14","not blooming",0,38
"L24","7/13/14","not blooming",0,38
"L35","6/27/13","full bloom",2,38
"L35","7/13/13","full bloom",2,38
"L35","7/18/13","full bloom",2,38
"L35","7/29/13","finishing bloom",1,38
"L35","6/12/14","not blooming",0,38
"L35","6/22/14","not blooming",0,38
"L35","7/3/14","not blooming",0,38
"L35","7/13/14","full bloom",2,38
"P37","6/28/13","full bloom",5,38
"P37","7/13/13","finishing bloom",4,38
"P37","7/19/13","finishing bloom",3,38
"P37","7/30/13","finishing bloom",3,38
"P37","6/13/14","full bloom",3,38
"P37","6/24/14","full bloom",3,38
"P37","7/1/14","full bloom",4,38
"P37","7/13/14","full bloom",4,38
"L21","6/26/13","full bloom",1,39
"L21","7/13/13","full bloom",1,39
"L21","7/17/13","full bloom",1,39
"L21","7/30/13","finishing bloom",1,39
"L21","6/12/14","not blooming",0,39
"L21","6/22/14","not blooming",0,39
"L21","7/3/14","not blooming",0,39
"L21","7/13/14","not blooming",0,39
"L24","6/27/13","not blooming",0,39
"L24","7/13/13","full bloom",1,39
"L24","7/18/13","full bloom",1,39
"L24","7/31/13","not blooming",0,39
"L24","6/13/14","not blooming",0,39
"L24","6/23/14","full bloom",1,39
"L24","7/2/14","not blooming",0,39
"L24","7/13/14","not blooming",0,39
"N135","7/8/13","full bloom",2,40
"N135","7/11/13","full bloom",2,40
"N135","7/22/13","full bloom",2,40
"N135","7/25/13","finishing bloom",2,40
"N135","6/18/14","not blooming",0,40
"N135","7/6/14","beginning to bloom to bloom",1,40
"N135","7/9/14","finishing bloom",1,40
"N135","7/19/14","finishing bloom",1,40
"N139","7/9/13","full bloom",3,NA
"N139","7/12/13","full bloom",3,NA
"N139","7/24/13","full bloom",2,NA
"N139","7/26/13","full bloom",2,NA
"N139","6/18/14","full bloom",2,NA
"N139","7/6/14","not blooming",0,NA
"N139","7/9/14","not blooming",0,NA
"N139","7/18/14","not blooming",0,NA
"P310","6/29/13","full bloom",1,41
"P310","7/13/13","full bloom",1,41
"P310","7/17/13","finishing bloom",1,41
"P310","7/31/13","finishing bloom",1,41
"P310","6/12/14","not blooming",0,41
"P310","6/24/14","full bloom",2,41
"P310","7/1/14","beginning to bloom to bloom",2,41
"P310","7/13/14","not blooming",0,41
"P33","6/12/14","not blooming",0,41
"P33","6/22/14","not blooming",0,41
"P33","7/2/14","full bloom",2,41
"P33","7/13/14","full bloom",1,41
"P37","6/13/14","not blooming",0,41
"P37","6/24/14","not blooming",0,41
"P37","7/1/14","full bloom",2,41
"P37","7/13/14","full bloom",2,41
"P43","6/13/14","not blooming",0,41
"P43","6/24/14","not blooming",0,41
"P43","7/3/14","full bloom",2,41
"P43","7/13/14","not blooming",0,41
"W04","6/30/13","not blooming",0,41
"W04","7/14/13","full bloom",2,41
"W04","7/20/13","full bloom",2,41
"W04","8/1/13","not blooming",0,41
"W04","6/14/14","not blooming",0,41
"W04","6/25/14","full bloom",2,41
"W04","7/4/14","full bloom",3,41
"W04","7/14/14","full bloom",2,41
"N136","7/9/13","full bloom",2,42
"N136","7/12/13","full bloom",2,42
"N136","7/24/13","not blooming",0,42
"N136","7/26/13","not blooming",0,42
"N136","6/17/14","not blooming",0,42
"N136","7/7/14","full bloom",2,42
"N136","7/10/14","full bloom",3,42
"N136","7/17/14","full bloom",2,42
"L33","6/13/14","finishing bloom",1,NA
"L33","6/23/14","not blooming",0,NA
"L33","7/3/14","not blooming",0,NA
"L33","7/13/14","not blooming",0,NA
"L24","6/27/13","not blooming",0,NA
"L24","7/13/13","not blooming",0,NA
"L24","7/18/13","finishing bloom",1,NA
"L24","7/31/13","finishing bloom",1,NA
"L24","6/13/14","not blooming",0,NA
"L33","6/29/13","full bloom",2,43
"L33","7/13/13","finishing bloom",2,43
"L33","7/19/13","finishing bloom",1,43
"L33","7/31/13","not blooming",0,43
"L33","6/13/14","beginning to bloom to bloom",2,43
"L33","6/23/14","not blooming",3,43
"L33","7/3/14","finishing bloom",2,43
"L33","7/13/14","finishing bloom",1,43
"N132","6/30/13","full bloom",4,43
"N132","7/14/13","finishing bloom",3,43
"N132","7/20/13","finishing bloom",3,43
"N132","8/1/13","not blooming",0,43
"N132","6/14/14","full bloom",3,43
"N132","6/25/14","full bloom",4,43
"N132","7/4/14","full bloom",4,43
"N132","7/14/14","full bloom",4,43
"N133","7/8/13","full bloom",4,43
"N133","7/11/13","full bloom",4,43
"N133","7/23/13","finishing bloom",2,43
"N133","7/25/13","not blooming",0,43
"N133","6/18/14","beginning to bloom to bloom",1,43
"N133","7/7/14","full bloom",3,43
"N133","7/10/14","full bloom",2,43
"N133","7/18/14","full bloom",3,43
"N134","7/8/13","finishing bloom",2,43
"N134","7/11/13","finishing bloom",2,43
"N134","7/22/13","not blooming",0,43
"N134","7/25/13","not blooming",0,43
"N134","6/17/14","not blooming",3,43
"N134","7/6/14","not blooming",0,43
"N134","7/9/14","finishing bloom",3,43
"N134","7/17/14","not blooming",0,43
"N135","7/8/13","finishing bloom",2,43
"N135","7/11/13","finishing bloom",2,43
"N135","7/22/13","finishing bloom",1,43
"N135","7/25/13","finishing bloom",1,43
"N135","6/18/14","full bloom",3,43
"N135","7/6/14","finishing bloom",2,43
"N135","7/9/14","full bloom",2,43
"N135","7/19/14","not blooming",0,43
"N137","7/9/13","full bloom",4,43
"N137","7/12/13","full bloom",4,43
"N137","7/24/13","finishing bloom",2,43
"N137","7/26/13","finishing bloom",2,43
"N137","6/19/14","not blooming",0,43
"N137","7/7/14","full bloom",3,43
"N137","7/10/14","full bloom",3,43
"N137","7/19/14","finishing bloom",2,43
"N139","7/9/13","not blooming",0,43
"N139","7/12/13","not blooming",0,43
"N139","7/24/13","not blooming",0,43
"N139","7/26/13","not blooming",0,43
"N139","6/18/14","not blooming",4,43
"N139","7/6/14","not blooming",0,43
"N139","7/9/14","not blooming",3,43
"N139","7/18/14","not blooming",0,43
"P24","6/27/13","full bloom",1,43
"P24","7/13/13","finishing bloom",2,43
"P24","7/19/13","finishing bloom",1,43
"P24","7/29/13","finishing bloom",1,43
"P24","6/12/14","not blooming",0,43
"P24","6/23/14","not blooming",0,43
"P24","7/2/14","finishing bloom",2,43
"P24","7/13/14","finishing bloom",2,43
"P310","6/29/13","full bloom",4,43
"P310","7/13/13","full bloom",4,43
"P310","7/17/13","full bloom",4,43
"P310","7/31/13","finishing bloom",2,43
"P310","6/12/14","beginning to bloom to bloom",2,43
"P310","6/24/14","full bloom",3,43
"P310","7/1/14","full bloom",3,43
"P310","7/13/14","finishing bloom",3,43
"P37","6/28/13","full bloom",3,43
"P37","7/13/13","finishing bloom",2,43
"P37","7/19/13","not blooming",0,43
"P37","7/30/13","not blooming",0,43
"P37","6/13/14","full bloom",4,43
"P37","6/24/14","full bloom",3,43
"P37","7/1/14","full bloom",2,43
"P37","7/13/14","finishing bloom",1,43
"W04","6/30/13","full bloom",2,43
"W04","7/14/13","full bloom",2,43
"W04","7/20/13","finishing bloom",2,43
"W04","8/1/13","finishing bloom",2,43
"W04","6/14/14","not blooming",0,43
"W04","6/25/14","full bloom",2,43
"W04","7/4/14","full bloom",2,43
"W04","7/14/14","full bloom",4,43
"L21","6/26/13","full bloom",2,44
"L21","7/13/13","full bloom",2,44
"L21","7/17/13","finishing bloom",2,44
"L21","7/30/13","finishing bloom",1,44
"L21","6/12/14","full bloom",2,44
"L21","6/22/14","full bloom",1,44
"L21","7/3/14","full bloom",2,44
"L21","7/13/14","finishing bloom",2,44
"N137","7/9/13","full bloom",3,44
"N137","7/12/13","full bloom",3,44
"N137","7/24/13","finishing bloom",2,44
"N137","7/26/13","finishing bloom",2,44
"N137","6/19/14","not blooming",0,44
"N137","7/7/14","full bloom",1,44
"N137","7/10/14","full bloom",1,44
"N137","7/19/14","full bloom",2,44
"L21","6/26/13","full bloom",1,45
"L21","7/13/13","finishing bloom",1,45
"L21","7/17/13","finishing bloom",1,45
"L21","7/30/13","finishing bloom",1,45
"L21","6/12/14","not blooming",0,45
"L21","6/22/14","beginning to bloom to bloom",1,45
"L21","7/3/14","full bloom",3,45
"L21","7/13/14","full bloom",1,45
"L24","6/27/13","full bloom",2,45
"L24","7/13/13","full bloom",2,45
"L24","7/18/13","finishing bloom",2,45
"L24","7/31/13","finishing bloom",2,45
"L24","6/13/14","not blooming",0,45
"L24","6/23/14","not blooming",0,45
"L24","7/2/14","finishing bloom",2,45
"L24","7/13/14","full bloom",2,45
"L35","6/27/13","beginning to bloom",1,45
"L35","7/13/13","beginning to bloom",3,45
"L35","7/18/13","full bloom",4,45
"L35","7/29/13","finishing bloom",4,45
"L35","6/12/14","full bloom",3,45
"L35","6/22/14","full bloom",2,45
"L35","7/3/14","finishing bloom",3,45
"L35","7/13/14","finishing bloom",2,45
"N134","7/8/13","full bloom",4,45
"N134","7/11/13","full bloom",4,45
"N134","7/22/13","finishing bloom",4,45
"N134","7/25/13","finishing bloom",4,45
"N134","6/17/14","not blooming",5,45
"N134","7/6/14","full bloom",4,45
"N134","7/9/14","full bloom",5,45
"N134","7/17/14","full bloom",4,45
"N136","7/9/13","full bloom",2,45
"N136","7/12/13","full bloom",2,45
"N136","7/24/13","finishing bloom",2,45
"N136","7/26/13","finishing bloom",2,45
"N136","6/17/14","full bloom",1,45
"N136","7/7/14","full bloom",1,45
"N136","7/10/14","full bloom",3,45
"N136","7/17/14","full bloom",2,45
"L21","6/26/13","beginning to bloom",2,46
"L21","7/13/13","full bloom",4,46
"L21","7/17/13","full bloom",4,46
"L21","7/30/13","finishing bloom",4,46
"L21","6/12/14","not blooming",0,46
"L21","6/22/14","not blooming",0,46
"L21","7/3/14","finishing bloom",2,46
"L21","7/13/14","full bloom",2,46
"N135","7/8/13","full bloom",2,47
"N135","7/11/13","full bloom",2,47
"N135","7/22/13","finishing bloom",1,47
"N135","7/25/13","finishing bloom",1,47
"N135","6/18/14","not blooming",0,47
"N135","7/6/14","not blooming",0,47
"N135","7/9/14","beginning to bloom to bloom",1,47
"N135","7/19/14","beginning to bloom to bloom",1,47
"N137","7/9/13","full bloom",2,47
"N137","7/12/13","full bloom",2,47
"N137","7/24/13","finishing bloom",2,47
"N137","7/26/13","finishing bloom",2,47
"N137","6/19/14","not blooming",0,47
"N137","7/7/14","not blooming",0,47
"N137","7/10/14","not blooming",0,47
"N137","7/19/14","full bloom",1,47
"W04","6/14/14","not blooming",0,47
"W04","6/25/14","not blooming",0,47
"W04","7/4/14","not blooming",0,47
"W04","7/14/14","full bloom",2,47
"N136","7/9/13","full bloom",2,48
"N136","7/12/13","full bloom",2,48
"N136","7/24/13","full bloom",2,48
"N136","7/26/13","full bloom",2,48
"N136","6/17/14","full bloom",3,48
"N136","7/7/14","beginning to bloom to bloom",1,48
"N136","7/10/14","full bloom",3,48
"N136","7/17/14","full bloom",2,48
"L33","6/13/14","full bloom",2,49
"L33","6/23/14","not blooming",0,49
"L33","7/3/14","not blooming",0,49
"L33","7/13/14","not blooming",0,49
"N139","7/9/13","finishing bloom",1,49
"N139","7/12/13","finishing bloom",1,49
"N139","7/24/13","not blooming",0,49
"N139","7/26/13","not blooming",0,49
"N139","6/18/14","full bloom",3,49
"N139","7/6/14","not blooming",0,49
"N139","7/9/14","full bloom",1,49
"N139","7/18/14","finishing bloom",1,49
"L21","6/26/13","beginning to bloom",1,50
"L21","7/13/13","beginning to bloom",2,50
"L21","7/17/13","full bloom",2,50
"L21","7/30/13","finishing bloom",2,50
"L21","6/12/14","full bloom",2,50
"L21","6/22/14","not blooming",0,50
"L21","7/3/14","finishing bloom",1,50
"L21","7/13/14","full bloom",2,50
"L24","6/13/14","full bloom",3,50
"L24","6/23/14","not blooming",0,50
"L24","7/2/14","not blooming",0,50
"L24","7/13/14","not blooming",0,50
"L33","6/29/13","full bloom",2,50
"L33","7/13/13","full bloom",2,50
"L33","7/19/13","finishing bloom",2,50
"L33","7/31/13","not blooming",0,50
"L33","6/13/14","not blooming",0,50
"L33","6/23/14","full bloom",1,50
"L33","7/3/14","finishing bloom",2,50
"L33","7/13/14","full bloom",2,50
"N131","6/30/13","full bloom",3,50
"N131","7/14/13","finishing bloom",3,50
"N131","7/20/13","finishing bloom",2,50
"N131","8/1/13","finishing bloom",2,50
"N131","6/14/14","beginning to bloom to bloom",1,50
"N131","6/25/14","full bloom",3,50
"N131","7/4/14","beginning to bloom to bloom",4,50
"N131","7/14/14","finishing bloom",3,50
"N135","7/8/13","finishing bloom",2,50
"N135","7/11/13","finishing bloom",2,50
"N135","7/22/13","not blooming",0,50
"N135","7/25/13","not blooming",0,50
"N135","6/18/14","beginning to bloom to bloom",2,50
"N135","7/6/14","full bloom",5,50
"N135","7/9/14","full bloom",2,50
"N135","7/19/14","finishing bloom",1,50
"N137","7/9/13","full bloom",2,50
"N137","7/12/13","full bloom",2,50
"N137","7/24/13","full bloom",2,50
"N137","7/26/13","finishing bloom",2,50
"N137","6/19/14","not blooming",0,50
"N137","7/7/14","not blooming",0,50
"N137","7/10/14","finishing bloom",1,50
"N137","7/19/14","not blooming",0,50
"N139","7/9/13","finishing bloom",2,50
"N139","7/12/13","finishing bloom",2,50
"N139","7/24/13","finishing bloom",2,50
"N139","7/26/13","finishing bloom",2,50
"N139","6/18/14","not blooming",3,50
"N139","7/6/14","full bloom",1,50
"N139","7/9/14","finishing bloom",1,50
"N139","7/18/14","finishing bloom",1,50
"P310","6/29/13","beginning to bloom",1,50
"P310","7/13/13","finishing bloom",3,50
"P310","7/17/13","finishing bloom",3,50
"P310","7/31/13","finishing bloom",3,50
"P310","6/12/14","not blooming",0,50
"P310","6/24/14","beginning to bloom to bloom",1,50
"P310","7/1/14","finishing bloom",2,50
"P310","7/13/14","finishing bloom",2,50
"P33","6/27/13","not blooming",0,50
"P33","7/13/13","finishing bloom",2,50
"P33","7/18/13","finishing bloom",2,50
"P33","7/29/13","finishing bloom",2,50
"P33","6/12/14","not blooming",0,50
"P33","6/22/14","not blooming",0,50
"P33","7/2/14","beginning to bloom to bloom",1,50
"P33","7/13/14","full bloom",2,50
"P43","6/28/13","full bloom",1,50
"P43","7/13/13","finishing bloom",1,50
"P43","7/17/13","finishing bloom",1,50
"P43","7/30/13","not blooming",0,50
"P43","6/13/14","not blooming",0,50
"P43","6/24/14","not blooming",0,50
"P43","7/3/14","full bloom",1,50
"P43","7/13/14","not blooming",0,50
"L24","7/18/13","not blooming",0,NA
"L24","7/31/13","not blooming",0,NA
"L24","6/27/13","not blooming",0,51
"L24","7/13/13","full bloom",3,51
"L24","7/18/13","full bloom",3,51
"L24","7/31/13","finishing bloom",2,51
"L24","6/13/14","not blooming",0,51
"L24","6/23/14","not blooming",0,51
"L24","7/2/14","not blooming",0,51
"L24","7/13/14","not blooming",0,51
"N136","7/9/13","not blooming",0,51
"N136","7/12/13","not blooming",0,51
"N136","7/24/13","full bloom",3,51
"N136","7/26/13","full bloom",2,51
"N136","6/17/14","full bloom",2,51
"N136","7/7/14","not blooming",0,51
"N136","7/10/14","full bloom",2,51
"N136","7/17/14","not blooming",0,51
"P24","6/27/13","finishing bloom",1,52
"P24","7/13/13","not blooming",0,52
"P24","7/19/13","not blooming",0,52
"P24","7/29/13","not blooming",0,52
"P24","6/12/14","not blooming",0,52
"P24","6/23/14","beginning to bloom to bloom",2,52
"P24","7/2/14","beginning to bloom to bloom",0,52
"P24","7/13/14","not blooming",0,52
"N135","7/8/13","not blooming",0,53
"N135","7/11/13","not blooming",0,53
"N135","7/22/13","not blooming",0,53
"N135","7/25/13","not blooming",0,53
"N135","6/18/14","full bloom",3,53
"N135","7/6/14","finishing bloom",1,53
"N135","7/9/14","not blooming",0,53
"N135","7/19/14","not blooming",0,53
"P37","6/13/14","not blooming",0,53
"P37","6/24/14","not blooming",0,53
"P37","7/1/14","finishing bloom",1,53
"P37","7/13/14","not blooming",0,53
"L21","6/26/13","full bloom",2,54
"L21","7/13/13","finishing bloom",1,54
"L21","7/17/13","finishing bloom",1,54
"L21","7/30/13","not blooming",0,54
"L21","6/12/14","not blooming",0,54
"L21","6/22/14","full bloom",2,54
"L21","7/3/14","finishing bloom",4,54
"L21","7/13/14","finishing bloom",1,54
"L24","6/27/13","full bloom",3,54
"L24","7/13/13","finishing bloom",2,54
"L24","7/18/13","finishing bloom",2,54
"L24","7/31/13","finishing bloom",2,54
"L24","6/13/14","not blooming",0,54
"L24","6/23/14","full bloom",2,54
"L24","7/2/14","finishing bloom",3,54
"L24","7/13/14","finishing bloom",2,54
"L33","6/29/13","finishing bloom",2,54
"L33","7/13/13","finishing bloom",1,54
"L33","7/19/13","not blooming",0,54
"L33","7/31/13","not blooming",0,54
"L33","6/13/14","not blooming",0,54
"L33","6/23/14","not blooming",0,54
"L33","7/3/14","finishing bloom",2,54
"L33","7/13/14","finishing bloom",1,54
"L35","6/27/13","full bloom",2,54
"L35","7/13/13","finishing bloom",2,54
"L35","7/18/13","finishing bloom",2,54
"L35","7/29/13","not blooming",0,54
"L35","6/12/14","not blooming",0,54
"L35","6/22/14","full bloom",2,54
"L35","7/3/14","finishing bloom",1,54
"L35","7/13/14","finishing bloom",2,54
"N131","6/30/13","full bloom",2,54
"N131","7/14/13","finishing bloom",2,54
"N131","7/20/13","not blooming",0,54
"N131","8/1/13","not blooming",0,54
"N131","6/14/14","beginning to bloom to bloom",1,54
"N131","6/25/14","finishing bloom",2,54
"N131","7/4/14","finishing bloom",2,54
"N131","7/14/14","finishing bloom",2,54
"N133","7/8/13","full bloom",3,54
"N133","7/11/13","full bloom",3,54
"N133","7/23/13","finishing bloom",1,54
"N133","7/25/13","not blooming",0,54
"N133","6/18/14","beginning to bloom to bloom",2,54
"N133","7/7/14","finishing bloom",3,54
"N133","7/10/14","full bloom",2,54
"N133","7/18/14","not blooming",0,54
"N134","7/8/13","finishing bloom",3,54
"N134","7/11/13","finishing bloom",3,54
"N134","7/22/13","finishing bloom",2,54
"N134","7/25/13","finishing bloom",2,54
"N134","6/17/14","full bloom",4,54
"N134","7/6/14","full bloom",3,54
"N134","7/9/14","full bloom",5,54
"N134","7/17/14","finishing bloom",1,54
"N136","7/9/13","finishing bloom",1,54
"N136","7/12/13","finishing bloom",1,54
"N136","7/24/13","finishing bloom",1,54
"N136","7/26/13","not blooming",0,54
"N136","6/17/14","not blooming",0,54
"N136","7/7/14","full bloom",1,54
"N136","7/10/14","finishing bloom",2,54
"N136","7/17/14","not blooming",0,54
"N137","7/9/13","finishing bloom",4,54
"N137","7/12/13","finishing bloom",4,54
"N137","7/24/13","finishing bloom",3,54
"N137","7/26/13","finishing bloom",3,54
"N137","6/19/14","full bloom",2,54
"N137","7/7/14","full bloom",3,54
"N137","7/10/14","finishing bloom",3,54
"N137","7/19/14","finishing bloom",3,54
"N139","6/18/14","full bloom",1,54
"N139","7/6/14","not blooming",0,54
"N139","7/9/14","not blooming",0,54
"N139","7/18/14","not blooming",0,54
"P24","6/27/13","full bloom",2,54
"P24","7/13/13","finishing bloom",2,54
"P24","7/19/13","finishing bloom",2,54
"P24","7/29/13","not blooming",0,54
"P24","6/12/14","full bloom",2,54
"P24","6/23/14","beginning to bloom to bloom",2,54
"P24","7/2/14","finishing bloom",2,54
"P24","7/13/14","not blooming",0,54
"P33","6/27/13","full bloom",2,54
"P33","7/13/13","finishing bloom",2,54
"P33","7/18/13","finishing bloom",2,54
"P33","7/29/13","finishing bloom",2,54
"P33","6/12/14","beginning to bloom to bloom",2,54
"P33","6/22/14","not blooming",0,54
"P33","7/2/14","full bloom",2,54
"P33","7/13/14","full bloom",3,54
"P37","6/28/13","full bloom",2,54
"P37","7/13/13","finishing bloom",1,54
"P37","7/19/13","not blooming",0,54
"P37","7/30/13","not blooming",0,54
"P37","6/13/14","not blooming",0,54
"P37","6/24/14","not blooming",0,54
"P37","7/1/14","not blooming",0,54
"P37","7/13/14","not blooming",0,54
"W04","6/30/13","full bloom",2,54
"W04","7/14/13","full bloom",2,54
"W04","7/20/13","finishing bloom",2,54
"W04","8/1/13","finishing bloom",2,54
"W04","6/14/14","full bloom",4,54
"W04","6/25/14","not blooming",0,54
"W04","7/4/14","full bloom",1,54
"W04","7/14/14","not blooming",0,54
"P37","6/13/14","finishing bloom",2,NA
"N136","7/9/13","full bloom",3,55
"N136","7/12/13","full bloom",3,55
"N136","7/24/13","finishing bloom",2,55
"N136","7/26/13","finishing bloom",2,55
"N136","6/17/14","full bloom",3,55
"N136","7/7/14","full bloom",3,55
"N136","7/10/14","full bloom",2,55
"N136","7/17/14","full bloom",2,55
"L24","6/27/13","full bloom",3,56
"L24","7/13/13","full bloom",3,56
"L24","7/18/13","finishing bloom",2,56
"L24","7/31/13","finishing bloom",2,56
"L24","6/13/14","not blooming",0,56
"L24","6/23/14","not blooming",0,56
"L24","7/2/14","not blooming",0,56
"L24","7/13/14","not blooming",0,56
"L24","6/27/13","full bloom",1,57
"L24","7/13/13","full bloom",1,57
"L24","7/18/13","finishing bloom",1,57
"L24","7/31/13","finishing bloom",1,57
"L24","6/13/14","full bloom",4,57
"L24","6/23/14","full bloom",2,57
"L24","7/2/14","full bloom",2,57
"L24","7/13/14","full bloom",1,57
"P37","6/28/13","full bloom",2,57
"P37","7/13/13","finishing bloom",1,57
"P37","7/19/13","not blooming",0,57
"P37","7/30/13","not blooming",0,57
"P37","6/13/14","full bloom",3,57
"P37","6/24/14","not blooming",0,57
"P37","7/1/14","finishing bloom",2,57
"P37","7/13/14","not blooming",0,57
"L21","6/12/14","not blooming",0,58
"L21","6/22/14","not blooming",0,58
"L21","7/3/14","full bloom",1,58
"L21","7/13/14","full bloom",1,58
"L24","6/13/14","full bloom",4,58
"L24","6/23/14","full bloom",3,58
"L24","7/2/14","full bloom",3,58
"L24","7/13/14","full bloom",3,58
"N136","6/17/14","full bloom",2,59
"N136","7/7/14","not blooming",0,59
"N136","7/10/14","not blooming",0,59
"N136","7/17/14","not blooming",0,59
"L24","6/27/13","not blooming",0,60
"L24","7/13/13","full bloom",2,60
"L24","7/18/13","full bloom",2,60
"L24","7/31/13","full bloom",2,60
"L24","6/13/14","not blooming",0,60
"L24","6/23/14","not blooming",0,60
"L24","7/2/14","not blooming",0,60
"L24","7/13/14","full bloom",1,60
"N133","7/8/13","not blooming",0,60
"N133","7/11/13","beginning to bloom",2,60
"N133","7/23/13","beginning to bloom",2,60
"N133","7/25/13","beginning to bloom",2,60
"N133","6/18/14","not blooming",0,60
"N133","7/7/14","not blooming",0,60
"N133","7/10/14","not blooming",0,60
"N133","7/18/14","not blooming",0,60
"N134","7/8/13","beginning to bloom",2,60
"N134","7/11/13","full bloom",2,60
"N134","7/22/13","full bloom",2,60
"N134","7/25/13","full bloom",2,60
"N134","6/17/14","not blooming",4,60
"N134","7/6/14","full bloom",2,60
"N134","7/9/14","full bloom",2,60
"N134","7/17/14","full bloom",2,60
"L21","6/26/13","full bloom",2,61
"L21","7/13/13","full bloom",2,61
"L21","7/17/13","full bloom",2,61
"L21","7/30/13","finishing bloom",2,61
"L21","6/12/14","finishing bloom",3,61
"L21","6/22/14","full bloom",2,61
"L21","7/3/14","full bloom",2,61
"L21","7/13/14","full bloom",2,61
"L35","6/12/14","full bloom",2,62
"L35","6/22/14","not blooming",0,62
"L35","7/3/14","not blooming",0,62
"L35","7/13/14","not blooming",0,62
"P310","6/12/14","finishing bloom",2,62
"P310","6/24/14","not blooming",0,62
"P310","7/1/14","not blooming",0,62
"P310","7/13/14","not blooming",0,62
"P33","6/12/14","finishing bloom",2,62
"P33","6/22/14","not blooming",0,62
"P33","7/2/14","not blooming",0,62
"P33","7/13/14","not blooming",0,62
"L21","6/12/14","full bloom",2,63
"L21","6/22/14","finishing bloom",1,63
"L21","7/3/14","not blooming",0,63
"L21","7/13/14","not blooming",0,63
"L33","6/13/14","not blooming",0,63
"L33","6/23/14","full bloom",2,63
"L33","7/3/14","not blooming",0,63
"L33","7/13/14","not blooming",0,63
"N131","6/14/14","full bloom",3,63
"N131","6/25/14","full bloom",3,63
"N131","7/4/14","not blooming",0,63
"N131","7/14/14","not blooming",0,63
"N133","6/18/14","not blooming",0,63
"N133","7/7/14","finishing bloom",1,63
"N133","7/10/14","not blooming",0,63
"N133","7/18/14","not blooming",0,63
"N134","6/17/14","full bloom",3,63
"N134","7/6/14","not blooming",0,63
"N134","7/9/14","not blooming",0,63
"N134","7/17/14","not blooming",0,63
"N139","6/18/14","full bloom",3,63
"N139","7/6/14","not blooming",0,63
"N139","7/9/14","not blooming",0,63
"N139","7/18/14","not blooming",0,63
"P310","6/12/14","full bloom",2,63
"P310","6/24/14","finishing bloom",2,63
"P310","7/1/14","not blooming",0,63
"P310","7/13/14","not blooming",0,63
"P33","6/12/14","not blooming",0,63
"P33","6/22/14","not blooming",0,63
"P33","7/2/14","finishing bloom",1,63
"P33","7/13/14","not blooming",0,63
"P37","6/13/14","not blooming",0,63
"P37","6/24/14","not blooming",0,63
"P37","7/1/14","finishing bloom",1,63
"P37","7/13/14","not blooming",0,63
"P43","6/13/14","full bloom",2,63
"P43","6/24/14","not blooming",0,63
"P43","7/3/14","not blooming",0,63
"P43","7/13/14","not blooming",0,63
"W04","6/14/14","beginning to bloom to bloom",2,63
"W04","6/25/14","finishing bloom",2,63
"W04","7/4/14","not blooming",0,63
"W04","7/14/14","not blooming",0,63
"L33","6/13/14","beginning to bloom to bloom",2,64
"L33","6/23/14","full bloom",2,64
"L33","7/3/14","not blooming",0,64
"L33","7/13/14","not blooming",0,64
"N135","6/18/14","finishing bloom",3,64
"N135","7/6/14","not blooming",0,64
"N135","7/9/14","not blooming",0,64
"N135","7/19/14","not blooming",0,64
"P33","6/12/14","full bloom",2,64
"P33","6/22/14","full bloom",2,64
"P33","7/2/14","not blooming",0,64
"P33","7/13/14","not blooming",0,64
"P37","6/13/14","full bloom",3,64
"P37","6/24/14","not blooming",0,64
"P37","7/1/14","not blooming",0,64
"P37","7/13/14","not blooming",0,64
"P43","6/13/14","not blooming",0,64
"P43","6/24/14","finishing bloom",2,64
"P43","7/3/14","not blooming",0,64
"P43","7/13/14","not blooming",0,64
"N136","7/9/13","finishing bloom",1,65
"N136","7/12/13","finishing bloom",1,65
"N136","7/24/13","not blooming",0,65
"N136","7/26/13","not blooming",0,65
"N136","6/17/14","beginning to bloom to bloom",2,65
"N136","7/7/14","full bloom",2,65
"N136","7/10/14","finishing bloom",3,65
"N136","7/17/14","finishing bloom",1,65
"P24","6/12/14","full bloom",2,65
"P24","6/23/14","not blooming",0,65
"P24","7/2/14","not blooming",0,65
"P24","7/13/14","not blooming",0,65
"P43","6/28/13","blooming",1,NA
"L24","6/27/13","not blooming",0,66
"L24","7/13/13","beginning to bloom",3,66
"L24","7/18/13","beginning to bloom",3,66
"L24","7/31/13","finishing bloom",4,66
"L24","6/13/14","not blooming",0,66
"L24","6/23/14","not blooming",0,66
"L24","7/2/14","beginning to bloom to bloom",4,66
"L24","7/13/14","full bloom",4,66
"L35","6/27/13","beginning to bloom",1,66
"L35","7/13/13","beginning to bloom",4,66
"L35","7/18/13","beginning to bloom",4,66
"L35","7/29/13","full bloom",4,66
"L35","6/12/14","not blooming",0,66
"L35","6/22/14","not blooming",0,66
"L35","7/3/14","beginning to bloom to bloom",2,66
"L35","7/13/14","beginning to bloom to bloom",3,66
"N134","7/8/13","not blooming",0,66
"N134","7/11/13","not blooming",0,66
"N134","7/22/13","full bloom",2,66
"N134","7/25/13","full bloom",2,66
"N134","6/17/14","not blooming",2,66
"N134","7/6/14","full bloom",1,66
"N134","7/9/14","full bloom",2,66
"N134","7/17/14","full bloom",1,66
"N136","7/9/13","not blooming",0,66
"N136","7/12/13","not blooming",0,66
"N136","7/24/13","full bloom",2,66
"N136","7/26/13","full bloom",2,66
"N136","6/17/14","not blooming",0,66
"N136","7/7/14","not blooming",0,66
"N136","7/10/14","finishing bloom",2,66
"N136","7/17/14","not blooming",0,66
"N137","7/9/13","full bloom",2,66
"N137","7/12/13","full bloom",2,66
"N137","7/24/13","full bloom",2,66
"N137","7/26/13","finishing bloom",2,66
"N137","6/19/14","not blooming",0,66
"N137","7/7/14","not blooming",0,66
"N137","7/10/14","not blooming",0,66
"N137","7/19/14","full bloom",1,66
"P310","6/29/13","not blooming",0,66
"P310","7/13/13","not blooming",0,66
"P310","7/17/13","beginning to bloom",2,66
"P310","7/31/13","full bloom",2,66
"P310","6/12/14","not blooming",0,66
"P310","6/24/14","not blooming",0,66
"P310","7/1/14","not blooming",0,66
"P310","7/13/14","finishing bloom",2,66
"W04","6/30/13","not blooming",0,66
"W04","7/14/13","full bloom",1,66
"W04","7/20/13","full bloom",1,66
"W04","8/1/13","full bloom",2,66
"W04","6/14/14","not blooming",0,66
"W04","6/25/14","not blooming",0,66
"W04","7/4/14","not blooming",0,66
"W04","7/14/14","full bloom",1,66
"N136","7/9/13","full bloom",3,67
"N136","7/12/13","full bloom",3,67
"N136","7/24/13","full bloom",4,67
"N136","7/26/13","full bloom",3,67
"N136","6/17/14","not blooming",0,67
"N136","7/7/14","not blooming",0,67
"N136","7/10/14","not blooming",0,67
"N136","7/17/14","beginning to bloom to bloom",1,67
"P33","6/27/13","not blooming",0,68
"P33","7/13/13","not blooming",0,68
"P33","7/18/13","not blooming",0,68
"P33","7/29/13","full bloom",2,68
"P33","6/12/14","not blooming",0,68
"P33","6/22/14","not blooming",0,68
"P33","7/2/14","not blooming",0,68
"P33","7/13/14","not blooming",0,68
"L21","6/26/13","beginning to bloom",1,69
"L21","7/13/13","full bloom",1,69
"L21","7/17/13","full bloom",1,69
"L21","7/30/13","finishing bloom",1,69
"L21","6/12/14","full bloom",1,69
"L21","6/22/14","full bloom",1,69
"L21","7/3/14","not blooming",0,69
"L21","7/13/14","full bloom",1,69
"L24","6/27/13","not blooming",0,69
"L24","7/13/13","full bloom",1,69
"L24","7/18/13","finishing bloom",1,69
"L24","7/31/13","finishing bloom",1,69
"L24","6/13/14","not blooming",0,69
"L24","6/23/14","not blooming",0,69
"L24","7/2/14","not blooming",0,69
"L24","7/13/14","finishing bloom",2,69
"L24","6/13/14","beginning to bloom to bloom",2,70
"L24","6/23/14","not blooming",0,70
"L24","7/2/14","not blooming",0,70
"L24","7/13/14","not blooming",0,70
"N136","7/9/13","beginning to bloom",1,71
"N136","7/12/13","beginning to bloom",1,71
"N136","7/24/13","full bloom",2,71
"N136","7/26/13","full bloom",2,71
"N136","6/17/14","not blooming",0,71
"N136","7/7/14","not blooming",0,71
"N136","7/10/14","not blooming",0,71
"N136","7/17/14","not blooming",0,71
"L24","6/13/14","full bloom",2,NA
"P37","6/13/14","full bloom",2,NA
"L21","6/26/13","full bloom",3,72
"L21","7/13/13","finishing bloom",3,72
"L21","7/17/13","finishing bloom",2,72
"L21","7/30/13","finishing bloom",1,72
"L21","6/12/14","full bloom",4,72
"L21","6/22/14","full bloom",3,72
"L21","7/3/14","finishing bloom",3,72
"L21","7/13/14","finishing bloom",1,72
"L24","6/13/14","beginning to bloom to bloom",1,72
"L24","6/23/14","not blooming",0,72
"L24","7/2/14","not blooming",0,72
"L24","7/13/14","not blooming",0,72
